service_id,vehicle_id,make,model,model_year,service_date,service_month,mileage_at_service,mileage_band,failure_category,repair_cost,days_in_shop,technician_id,service_center_region,warranty_flag
1,V-0001,Toyota,RAV4,2020,2025-02-09,2025-02,61299,50k-75k,Brakes,312.32,1,T-12,Midwest,N
2,V-0001,Toyota,RAV4,2020,2025-06-03,2025-06,64584,50k-75k,Engine,1570.03,2,T-13,West,N
3,V-0001,Toyota,RAV4,2020,2025-07-10,2025-07,65742,50k-75k,Engine,1884.42,3,T-07,Southeast,N
4,V-0001,Toyota,RAV4,2020,2025-08-23,2025-08,67407,50k-75k,Transmission,1867.4,3,T-09,Southeast,N
5,V-0001,Toyota,RAV4,2020,2025-10-18,2025-10,69058,50k-75k,Cooling System,411.18,1,T-15,Southwest,N
6,V-0002,Toyota,RAV4,2016,2025-04-16,2025-04,87861,75k-100k,Suspension,779.2,2,T-07,Southwest,N
7,V-0002,Toyota,RAV4,2016,2025-09-01,2025-09,91287,75k-100k,Suspension,736.34,1,T-01,Midwest,N
8,V-0002,Toyota,RAV4,2016,2025-11-09,2025-11,92790,75k-100k,Suspension,415.17,1,T-09,West,N
9,V-0002,Toyota,RAV4,2016,2025-12-24,2025-12,94598,75k-100k,Suspension,235.68,1,T-17,Northeast,N
10,V-0003,Chevrolet,Silverado,2021,2025-02-28,2025-02,50980,50k-75k,Engine,1292.15,2,T-20,Southeast,N
11,V-0003,Chevrolet,Silverado,2021,2025-03-24,2025-03,52183,50k-75k,Cooling System,391.6,1,T-18,Northeast,N
12,V-0004,Nissan,Sentra,2019,2025-10-18,2025-10,78923,75k-100k,Cooling System,268.29,1,T-17,Midwest,N
13,V-0007,Nissan,Rogue,2017,2025-03-14,2025-03,108429,100k-150k,Engine,2189.64,4,T-06,Southeast,N
14,V-0007,Nissan,Rogue,2017,2025-04-27,2025-04,110105,100k-150k,Engine,2197.97,4,T-01,Midwest,N
15,V-0007,Nissan,Rogue,2017,2025-08-16,2025-08,114052,100k-150k,Suspension,304.25,1,T-20,West,N
16,V-0008,Chevrolet,Equinox,2015,2025-03-06,2025-03,166985,150k+,Engine,2321.12,6,T-13,West,N
17,V-0008,Chevrolet,Equinox,2015,2025-06-20,2025-06,171423,150k+,Suspension,502.36,1,T-19,Midwest,N
18,V-0008,Chevrolet,Equinox,2015,2025-12-17,2025-12,178850,150k+,Brakes,299.71,1,T-10,Northeast,N
19,V-0009,Chevrolet,Silverado,2021,2025-02-05,2025-02,37550,25k-50k,Cooling System,627.41,1,T-15,West,N
20,V-0009,Chevrolet,Silverado,2021,2025-03-21,2025-03,38453,25k-50k,Transmission,3270.87,9,T-04,Northeast,N
21,V-0009,Chevrolet,Silverado,2021,2025-06-07,2025-06,40896,25k-50k,Suspension,768.72,2,T-09,Southwest,N
22,V-0009,Chevrolet,Silverado,2021,2025-06-22,2025-06,41427,25k-50k,Suspension,185.84,1,T-09,Southwest,N
23,V-0009,Chevrolet,Silverado,2021,2025-07-12,2025-07,41373,25k-50k,Suspension,230.37,1,T-03,West,N
24,V-0009,Chevrolet,Silverado,2021,2025-12-29,2025-12,45849,25k-50k,Suspension,912.2,3,T-04,Midwest,N
25,V-0010,Ford,F-150,2019,2025-01-22,2025-01,56370,50k-75k,Engine,2754.68,8,T-14,Northeast,N
26,V-0010,Ford,F-150,2019,2025-03-13,2025-03,58034,50k-75k,Engine,2282.23,6,T-13,Northeast,N
27,V-0010,Ford,F-150,2019,2025-11-30,2025-11,64053,50k-75k,Electrical,375.87,1,T-15,Northeast,N
28,V-0011,Nissan,Rogue,2018,2025-05-05,2025-05,104303,100k-150k,Engine,1528.19,4,T-17,Midwest,N
29,V-0011,Nissan,Rogue,2018,2025-08-09,2025-08,108954,100k-150k,Engine,2188.04,7,T-19,Midwest,N
30,V-0012,Nissan,Sentra,2015,2025-01-27,2025-01,104219,100k-150k,Engine,2321.42,6,T-11,West,N
31,V-0012,Nissan,Sentra,2015,2025-03-23,2025-03,105864,100k-150k,Transmission,2035.8,4,T-06,Midwest,N
32,V-0012,Nissan,Sentra,2015,2025-04-17,2025-04,107148,100k-150k,Transmission,2030.94,5,T-08,Northeast,N
33,V-0012,Nissan,Sentra,2015,2025-05-31,2025-05,107754,100k-150k,Electrical,538.61,1,T-17,Midwest,N
34,V-0013,Ford,F-150,2021,2025-01-29,2025-01,42793,25k-50k,Brakes,470.82,1,T-19,Northeast,N
35,V-0013,Ford,F-150,2021,2025-03-13,2025-03,44360,25k-50k,Cooling System,165.59,1,T-18,Southwest,N
36,V-0013,Ford,F-150,2021,2025-08-01,2025-08,48975,25k-50k,Engine,3133.33,9,T-17,Southeast,N
37,V-0013,Ford,F-150,2021,2025-10-08,2025-10,50937,50k-75k,Electrical,620.13,1,T-15,Southeast,N
38,V-0013,Ford,F-150,2021,2025-10-13,2025-10,50704,50k-75k,Cooling System,646.37,1,T-06,West,N
39,V-0014,Ford,Explorer,2023,2025-03-05,2025-03,26138,25k-50k,Brakes,479.38,1,T-10,Southeast,N
40,V-0015,Chevrolet,Silverado,2015,2025-02-01,2025-02,110286,100k-150k,HVAC,667.49,1,T-18,Northeast,N
41,V-0015,Chevrolet,Silverado,2015,2025-08-22,2025-08,115974,100k-150k,Cooling System,443.86,1,T-02,Midwest,N
42,V-0015,Chevrolet,Silverado,2015,2025-09-30,2025-09,117171,100k-150k,Suspension,241.61,1,T-15,Northeast,N
43,V-0015,Chevrolet,Silverado,2015,2025-11-14,2025-11,118299,100k-150k,Suspension,145.99,1,T-12,Northeast,N
44,V-0016,Ford,Explorer,2022,2025-09-29,2025-09,38374,25k-50k,HVAC,294.89,3,T-13,Southeast,N
45,V-0017,Honda,CR-V,2020,2025-02-26,2025-02,41821,25k-50k,Cooling System,350.12,1,T-06,Northeast,N
46,V-0017,Honda,CR-V,2020,2025-03-08,2025-03,42156,25k-50k,Suspension,289.01,1,T-06,Southwest,N
47,V-0017,Honda,CR-V,2020,2025-05-19,2025-05,44403,25k-50k,Cooling System,274.4,1,T-14,Southwest,N
48,V-0017,Honda,CR-V,2020,2025-10-26,2025-10,48202,25k-50k,Engine,1492.6,6,T-19,Midwest,N
49,V-0017,Honda,CR-V,2020,2025-11-11,2025-11,48515,25k-50k,Transmission,1098.54,4,T-19,Northeast,N
50,V-0018,Nissan,Altima,2022,2025-03-01,2025-03,44985,25k-50k,Suspension,857.2,1,T-18,Southeast,Y
51,V-0018,Nissan,Altima,2022,2025-03-27,2025-03,45505,25k-50k,Suspension,191.7,1,T-06,Northeast,Y
52,V-0018,Nissan,Altima,2022,2025-08-29,2025-08,51391,50k-75k,HVAC,657.27,1,T-03,West,Y
53,V-0019,Ford,Explorer,2017,2025-03-09,2025-03,109459,100k-150k,Cooling System,198.27,3,T-12,Southwest,N
54,V-0019,Ford,Explorer,2017,2025-04-30,2025-04,111328,100k-150k,Suspension,800.99,1,T-17,Southeast,N
55,V-0020,Ford,Escape,2015,2025-04-19,2025-04,82137,75k-100k,Electrical,887.45,3,T-08,Midwest,N
56,V-0020,Ford,Escape,2015,2025-06-22,2025-06,83958,75k-100k,Suspension,237.15,1,T-06,West,N
57,V-0020,Ford,Escape,2015,2025-07-05,2025-07,84026,75k-100k,Suspension,851.18,4,T-12,Midwest,N
58,V-0020,Ford,Escape,2015,2025-07-12,2025-07,84454,75k-100k,Electrical,679.04,1,T-02,West,N
59,V-0020,Ford,Escape,2015,2025-10-15,2025-10,86496,75k-100k,Suspension,297.32,1,T-19,Northeast,N
60,V-0020,Ford,Escape,2015,2025-12-14,2025-12,88026,75k-100k,Suspension,169.72,3,T-18,Southwest,N
61,V-0021,Ford,Explorer,2020,2025-02-01,2025-02,58058,50k-75k,HVAC,730.09,1,T-16,Northeast,N
62,V-0021,Ford,Explorer,2020,2025-03-17,2025-03,59328,50k-75k,Suspension,263.36,1,T-14,Midwest,N
63,V-0021,Ford,Explorer,2020,2025-04-09,2025-04,60573,50k-75k,Transmission,3299.78,8,T-14,Southeast,N
64,V-0021,Ford,Explorer,2020,2025-06-01,2025-06,61890,50k-75k,Transmission,2046.0,4,T-07,Southwest,N
65,V-0022,Toyota,RAV4,2020,2025-06-24,2025-06,69297,50k-75k,Transmission,1796.65,2,T-09,Midwest,N
66,V-0022,Toyota,RAV4,2020,2025-07-23,2025-07,69777,50k-75k,Engine,1035.42,3,T-05,Southwest,N
67,V-0022,Toyota,RAV4,2020,2025-09-05,2025-09,71505,50k-75k,Transmission,2062.72,3,T-11,Southeast,N
68,V-0023,Toyota,Corolla,2022,2025-03-13,2025-03,28483,25k-50k,HVAC,285.15,1,T-14,Midwest,Y
69,V-0023,Toyota,Corolla,2022,2025-03-30,2025-03,28655,25k-50k,HVAC,157.35,1,T-06,Midwest,Y
70,V-0023,Toyota,Corolla,2022,2025-09-02,2025-09,33026,25k-50k,HVAC,653.18,3,T-16,Northeast,Y
71,V-0023,Toyota,Corolla,2022,2025-09-26,2025-09,34178,25k-50k,Electrical,125.02,1,T-10,Northeast,Y
72,V-0023,Toyota,Corolla,2022,2025-11-12,2025-11,35701,25k-50k,Transmission,1683.64,3,T-09,Southeast,Y
73,V-0024,Honda,Accord,2023,2025-01-07,2025-01,18136,0-25k,Brakes,413.7,1,T-12,West,Y
74,V-0025,Nissan,Rogue,2015,2025-06-08,2025-06,88785,75k-100k,Suspension,423.78,3,T-07,West,N
75,V-0025,Nissan,Rogue,2015,2025-10-12,2025-10,92180,75k-100k,Engine,726.88,1,T-17,Northeast,N
76,V-0025,Nissan,Rogue,2015,2025-11-06,2025-11,92341,75k-100k,Suspension,342.57,1,T-01,Southwest,N
77,V-0026,Nissan,Altima,2023,2025-03-26,2025-03,22724,0-25k,HVAC,172.4,1,T-17,Midwest,Y
78,V-0027,Toyota,Corolla,2019,2025-10-02,2025-10,94776,75k-100k,Cooling System,394.7,1,T-04,Southeast,N
79,V-0028,Ford,Escape,2018,2025-05-20,2025-05,93742,75k-100k,Engine,1511.89,3,T-07,Southeast,N
80,V-0028,Ford,Escape,2018,2025-05-30,2025-05,93678,75k-100k,Brakes,647.41,1,T-01,West,N
81,V-0028,Ford,Escape,2018,2025-09-27,2025-09,98414,75k-100k,Cooling System,697.95,1,T-11,Midwest,N
82,V-0028,Ford,Escape,2018,2025-11-06,2025-11,100270,100k-150k,Engine,1189.43,3,T-06,Southeast,N
83,V-0028,Ford,Escape,2018,2025-12-15,2025-12,101734,100k-150k,Engine,2618.44,6,T-10,West,N
84,V-0029,Honda,Civic,2015,2025-01-08,2025-01,89877,75k-100k,HVAC,465.77,2,T-14,Midwest,N
85,V-0029,Honda,Civic,2015,2025-01-15,2025-01,89927,75k-100k,Engine,2524.45,4,T-11,Midwest,N
86,V-0030,Chevrolet,Equinox,2021,2025-03-09,2025-03,37290,25k-50k,Suspension,745.91,2,T-10,Midwest,N
87,V-0030,Chevrolet,Equinox,2021,2025-04-10,2025-04,38757,25k-50k,Engine,1489.41,4,T-12,Southwest,N
88,V-0030,Chevrolet,Equinox,2021,2025-10-20,2025-10,43546,25k-50k,Electrical,127.1,1,T-16,Southwest,N
89,V-0031,Nissan,Altima,2019,2025-02-27,2025-02,78565,75k-100k,Cooling System,394.4,1,T-18,Southeast,N
90,V-0031,Nissan,Altima,2019,2025-03-10,2025-03,79071,75k-100k,Electrical,568.89,1,T-15,Northeast,N
91,V-0031,Nissan,Altima,2019,2025-04-07,2025-04,79737,75k-100k,Suspension,586.2,1,T-03,Midwest,N
92,V-0031,Nissan,Altima,2019,2025-05-30,2025-05,81405,75k-100k,Suspension,279.2,1,T-03,Southeast,N
93,V-0031,Nissan,Altima,2019,2025-08-17,2025-08,84565,75k-100k,Suspension,346.62,1,T-09,Midwest,N
94,V-0031,Nissan,Altima,2019,2025-10-10,2025-10,86449,75k-100k,Suspension,520.2,2,T-06,Northeast,N
95,V-0032,Toyota,Corolla,2017,2025-01-21,2025-01,83060,75k-100k,HVAC,295.79,1,T-14,West,N
96,V-0032,Toyota,Corolla,2017,2025-03-02,2025-03,84125,75k-100k,Suspension,397.84,1,T-04,Southwest,N
97,V-0032,Toyota,Corolla,2017,2025-10-15,2025-10,90983,75k-100k,Brakes,254.36,1,T-07,Midwest,N
98,V-0033,Chevrolet,Equinox,2023,2025-07-19,2025-07,20219,0-25k,Electrical,148.9,2,T-11,Northeast,Y
99,V-0034,Honda,CR-V,2018,2025-04-23,2025-04,110540,100k-150k,Brakes,174.33,1,T-09,Southwest,N
100,V-0034,Honda,CR-V,2018,2025-05-12,2025-05,111870,100k-150k,Cooling System,496.23,1,T-07,West,N
101,V-0034,Honda,CR-V,2018,2025-07-25,2025-07,114883,100k-150k,HVAC,588.16,2,T-17,Southwest,N
102,V-0034,Honda,CR-V,2018,2025-08-11,2025-08,115234,100k-150k,Engine,1290.93,3,T-20,Midwest,N
103,V-0034,Honda,CR-V,2018,2025-09-09,2025-09,116829,100k-150k,Electrical,335.7,1,T-19,West,N
104,V-0034,Honda,CR-V,2018,2025-10-13,2025-10,117929,100k-150k,Electrical,332.04,2,T-15,West,N
105,V-0034,Honda,CR-V,2018,2025-10-15,2025-10,118036,100k-150k,Engine,1705.85,3,T-12,West,N
106,V-0034,Honda,CR-V,2018,2025-10-20,2025-10,118406,100k-150k,Electrical,652.58,2,T-09,Midwest,N
107,V-0034,Honda,CR-V,2018,2025-10-31,2025-10,118396,100k-150k,Electrical,129.85,1,T-02,Northeast,N
108,V-0034,Honda,CR-V,2018,2025-11-21,2025-11,119764,100k-150k,Brakes,352.51,1,T-12,West,N
109,V-0035,Ford,F-150,2021,2025-05-08,2025-05,68720,50k-75k,Brakes,309.13,1,T-13,West,N
110,V-0036,Honda,CR-V,2022,2025-03-12,2025-03,33098,25k-50k,Transmission,1540.84,2,T-06,Southeast,N
111,V-0037,Toyota,Camry,2019,2025-02-16,2025-02,86880,75k-100k,Engine,3177.16,7,T-06,Southwest,N
112,V-0037,Toyota,Camry,2019,2025-08-03,2025-08,93986,75k-100k,Engine,2857.88,7,T-05,Northeast,N
113,V-0037,Toyota,Camry,2019,2025-10-21,2025-10,97000,75k-100k,Brakes,482.0,1,T-17,Southeast,N
114,V-0037,Toyota,Camry,2019,2025-11-12,2025-11,98093,75k-100k,Brakes,254.14,1,T-07,Southwest,N
115,V-0038,Chevrolet,Malibu,2021,2025-03-16,2025-03,42771,25k-50k,Suspension,551.48,1,T-08,West,N
116,V-0038,Chevrolet,Malibu,2021,2025-04-25,2025-04,44382,25k-50k,Brakes,560.82,1,T-17,Midwest,N
117,V-0038,Chevrolet,Malibu,2021,2025-05-03,2025-05,44586,25k-50k,Suspension,636.98,1,T-16,West,N
118,V-0038,Chevrolet,Malibu,2021,2025-06-19,2025-06,45742,25k-50k,HVAC,166.53,1,T-06,Northeast,N
119,V-0038,Chevrolet,Malibu,2021,2025-09-27,2025-09,48613,25k-50k,HVAC,666.74,3,T-11,Midwest,N
120,V-0038,Chevrolet,Malibu,2021,2025-12-26,2025-12,50820,50k-75k,Cooling System,290.26,2,T-20,West,N
121,V-0039,Ford,F-150,2019,2025-03-24,2025-03,92867,75k-100k,Engine,1660.77,8,T-13,West,N
122,V-0039,Ford,F-150,2019,2025-05-30,2025-05,95938,75k-100k,Engine,2081.88,5,T-11,Southeast,N
123,V-0039,Ford,F-150,2019,2025-07-16,2025-07,97546,75k-100k,HVAC,529.41,1,T-20,Southwest,N
124,V-0040,Ford,Explorer,2020,2025-05-25,2025-05,60752,50k-75k,Electrical,382.55,1,T-07,Southeast,N
125,V-0041,Toyota,Corolla,2015,2025-06-12,2025-06,117800,100k-150k,Cooling System,169.83,1,T-12,West,N
126,V-0041,Toyota,Corolla,2015,2025-06-14,2025-06,117727,100k-150k,Engine,1125.58,1,T-08,Northeast,N
127,V-0041,Toyota,Corolla,2015,2025-07-12,2025-07,119144,100k-150k,Brakes,161.85,1,T-12,Southeast,N
128,V-0041,Toyota,Corolla,2015,2025-08-23,2025-08,120391,100k-150k,Electrical,761.91,2,T-13,West,N
129,V-0041,Toyota,Corolla,2015,2025-10-22,2025-10,122302,100k-150k,Transmission,3002.1,7,T-05,Northeast,N
130,V-0041,Toyota,Corolla,2015,2025-11-23,2025-11,123415,100k-150k,Suspension,828.04,1,T-12,Southwest,N
131,V-0041,Toyota,Corolla,2015,2025-12-08,2025-12,124504,100k-150k,Cooling System,156.63,1,T-15,Southwest,N
132,V-0042,Chevrolet,Equinox,2022,2025-05-11,2025-05,26851,25k-50k,Brakes,209.24,1,T-03,Southeast,Y
133,V-0042,Chevrolet,Equinox,2022,2025-12-30,2025-12,32777,25k-50k,Electrical,500.53,2,T-09,Northeast,N
134,V-0042,Chevrolet,Equinox,2022,2025-12-31,2025-12,32250,25k-50k,Suspension,922.53,1,T-20,Midwest,Y
135,V-0043,Toyota,Camry,2020,2025-02-06,2025-02,40790,25k-50k,Electrical,307.79,1,T-10,Northeast,N
136,V-0043,Toyota,Camry,2020,2025-04-05,2025-04,41975,25k-50k,Electrical,456.47,1,T-09,West,N
137,V-0043,Toyota,Camry,2020,2025-05-12,2025-05,42758,25k-50k,Suspension,579.37,1,T-08,West,N
138,V-0043,Toyota,Camry,2020,2025-06-16,2025-06,44341,25k-50k,Suspension,498.55,1,T-14,Southwest,N
139,V-0043,Toyota,Camry,2020,2025-07-08,2025-07,44250,25k-50k,Engine,1258.98,1,T-04,Midwest,N
140,V-0043,Toyota,Camry,2020,2025-10-09,2025-10,46777,25k-50k,Engine,1448.78,2,T-09,West,N
141,V-0043,Toyota,Camry,2020,2025-10-31,2025-10,47548,25k-50k,HVAC,738.76,2,T-11,West,N
142,V-0043,Toyota,Camry,2020,2025-12-21,2025-12,48520,25k-50k,Engine,1215.5,1,T-16,Southwest,N
143,V-0044,Toyota,Corolla,2022,2025-03-18,2025-03,32073,25k-50k,Brakes,619.99,1,T-01,Midwest,N
144,V-0044,Toyota,Corolla,2022,2025-04-20,2025-04,33173,25k-50k,Brakes,287.47,2,T-06,Southeast,Y
145,V-0044,Toyota,Corolla,2022,2025-05-14,2025-05,33232,25k-50k,Transmission,2057.09,3,T-16,Northeast,Y
146,V-0045,Nissan,Sentra,2019,2025-01-22,2025-01,63946,50k-75k,Electrical,333.97,1,T-19,Midwest,N
147,V-0045,Nissan,Sentra,2019,2025-02-23,2025-02,65088,50k-75k,Cooling System,198.64,1,T-09,Southeast,N
148,V-0045,Nissan,Sentra,2019,2025-02-26,2025-02,65263,50k-75k,Transmission,2519.47,4,T-01,Southwest,N
149,V-0045,Nissan,Sentra,2019,2025-03-15,2025-03,65293,50k-75k,Electrical,844.34,1,T-03,Midwest,N
150,V-0045,Nissan,Sentra,2019,2025-11-15,2025-11,72999,50k-75k,Cooling System,601.89,1,T-04,Midwest,N
151,V-0046,Honda,Civic,2016,2025-06-22,2025-06,139597,100k-150k,Suspension,943.11,3,T-01,Midwest,N
152,V-0046,Honda,Civic,2016,2025-07-11,2025-07,140346,100k-150k,Transmission,1934.67,3,T-04,Southwest,N
153,V-0046,Honda,Civic,2016,2025-08-19,2025-08,142533,100k-150k,Transmission,690.29,1,T-02,Southwest,N
154,V-0047,Ford,Explorer,2015,2025-05-10,2025-05,87144,75k-100k,Transmission,2701.61,4,T-11,Northeast,N
155,V-0047,Ford,Explorer,2015,2025-09-24,2025-09,89997,75k-100k,HVAC,659.79,2,T-07,Southwest,N
156,V-0047,Ford,Explorer,2015,2025-09-30,2025-09,90218,75k-100k,HVAC,456.78,2,T-17,Southwest,N
157,V-0048,Chevrolet,Equinox,2018,2025-01-17,2025-01,105063,100k-150k,Brakes,272.99,1,T-12,Southwest,N
158,V-0048,Chevrolet,Equinox,2018,2025-08-11,2025-08,113547,100k-150k,Brakes,452.62,1,T-15,Midwest,N
159,V-0049,Ford,Escape,2022,2025-05-19,2025-05,31714,25k-50k,Brakes,401.26,1,T-10,Southeast,Y
160,V-0049,Ford,Escape,2022,2025-06-27,2025-06,32652,25k-50k,Brakes,333.29,1,T-06,Midwest,Y
161,V-0049,Ford,Escape,2022,2025-08-26,2025-08,34752,25k-50k,Electrical,795.08,2,T-13,Midwest,Y
162,V-0050,Ford,Escape,2022,2025-03-13,2025-03,30845,25k-50k,Engine,1164.14,2,T-07,West,Y
163,V-0050,Ford,Escape,2022,2025-04-21,2025-04,32610,25k-50k,Brakes,273.41,3,T-14,West,Y
164,V-0050,Ford,Escape,2022,2025-12-09,2025-12,39553,25k-50k,Electrical,101.98,1,T-11,West,Y
165,V-0050,Ford,Escape,2022,2025-12-22,2025-12,39844,25k-50k,Engine,2187.97,4,T-20,Southeast,Y
166,V-0050,Ford,Escape,2022,2025-12-24,2025-12,40097,25k-50k,Brakes,444.51,1,T-12,Southwest,Y
167,V-0051,Honda,CR-V,2015,2025-07-04,2025-07,138103,100k-150k,Transmission,1613.02,3,T-02,Northeast,N
168,V-0051,Honda,CR-V,2015,2025-08-07,2025-08,139594,100k-150k,Transmission,2399.67,6,T-15,Northeast,N
169,V-0051,Honda,CR-V,2015,2025-08-29,2025-08,139603,100k-150k,Brakes,423.49,1,T-16,Southeast,N
170,V-0051,Honda,CR-V,2015,2025-10-21,2025-10,141727,100k-150k,Brakes,488.94,3,T-20,Northeast,N
171,V-0052,Honda,Accord,2017,2025-03-11,2025-03,73423,50k-75k,Transmission,3012.54,5,T-03,Southeast,N
172,V-0052,Honda,Accord,2017,2025-04-04,2025-04,74340,50k-75k,Brakes,558.47,1,T-15,Midwest,N
173,V-0052,Honda,Accord,2017,2025-09-04,2025-09,78018,75k-100k,Transmission,2817.67,7,T-20,Southwest,N
174,V-0052,Honda,Accord,2017,2025-12-17,2025-12,80234,75k-100k,Suspension,352.04,1,T-03,Southwest,N
175,V-0053,Toyota,Camry,2017,2025-02-24,2025-02,108779,100k-150k,Transmission,983.31,4,T-07,Southeast,N
176,V-0053,Toyota,Camry,2017,2025-02-26,2025-02,108503,100k-150k,Suspension,454.8,1,T-09,Midwest,N
177,V-0053,Toyota,Camry,2017,2025-03-21,2025-03,109691,100k-150k,Transmission,3096.3,9,T-15,Midwest,N
178,V-0053,Toyota,Camry,2017,2025-04-09,2025-04,110605,100k-150k,Transmission,1955.49,6,T-17,Midwest,N
179,V-0054,Nissan,Rogue,2017,2025-02-09,2025-02,76579,75k-100k,Cooling System,400.21,2,T-01,Southeast,N
180,V-0054,Nissan,Rogue,2017,2025-03-31,2025-03,78517,75k-100k,Electrical,307.84,1,T-07,Southeast,N
181,V-0054,Nissan,Rogue,2017,2025-05-12,2025-05,79174,75k-100k,Electrical,348.46,1,T-07,Southeast,N
182,V-0054,Nissan,Rogue,2017,2025-08-19,2025-08,81829,75k-100k,HVAC,593.26,1,T-10,Southeast,N
183,V-0054,Nissan,Rogue,2017,2025-10-08,2025-10,82960,75k-100k,Cooling System,542.09,1,T-06,Southwest,N
184,V-0055,Nissan,Altima,2017,2025-03-26,2025-03,67610,50k-75k,Engine,1965.37,3,T-12,Southeast,N
185,V-0056,Ford,Escape,2017,2025-01-14,2025-01,120490,100k-150k,Engine,2098.77,3,T-19,Southeast,N
186,V-0056,Ford,Escape,2017,2025-03-28,2025-03,123391,100k-150k,Engine,2150.45,4,T-17,Southwest,N
187,V-0056,Ford,Escape,2017,2025-09-21,2025-09,130145,100k-150k,Cooling System,341.33,1,T-06,Midwest,N
188,V-0056,Ford,Escape,2017,2025-10-02,2025-10,130429,100k-150k,Cooling System,169.92,2,T-18,Midwest,N
189,V-0056,Ford,Escape,2017,2025-10-11,2025-10,130660,100k-150k,Cooling System,672.87,2,T-17,West,N
190,V-0057,Nissan,Altima,2016,2025-01-13,2025-01,126216,100k-150k,HVAC,625.85,1,T-11,Southwest,N
191,V-0057,Nissan,Altima,2016,2025-01-23,2025-01,127031,100k-150k,Cooling System,437.18,1,T-13,Southeast,N
192,V-0057,Nissan,Altima,2016,2025-03-05,2025-03,128061,100k-150k,Brakes,278.84,1,T-19,Southwest,N
193,V-0057,Nissan,Altima,2016,2025-05-26,2025-05,131421,100k-150k,Brakes,628.09,2,T-12,Southwest,N
194,V-0057,Nissan,Altima,2016,2025-08-11,2025-08,135002,100k-150k,Brakes,481.02,1,T-14,Southwest,N
195,V-0057,Nissan,Altima,2016,2025-10-24,2025-10,138200,100k-150k,Suspension,342.33,2,T-16,Southwest,N
196,V-0057,Nissan,Altima,2016,2025-11-19,2025-11,139216,100k-150k,Transmission,2673.95,8,T-04,Southeast,N
197,V-0057,Nissan,Altima,2016,2025-12-08,2025-12,139939,100k-150k,Suspension,482.87,2,T-05,West,N
198,V-0058,Chevrolet,Equinox,2023,2025-03-17,2025-03,23512,0-25k,Suspension,217.45,1,T-17,Midwest,N
199,V-0058,Chevrolet,Equinox,2023,2025-08-13,2025-08,27686,25k-50k,Engine,1203.88,3,T-07,Northeast,N
200,V-0059,Toyota,Camry,2019,2025-01-27,2025-01,48731,25k-50k,Cooling System,571.32,1,T-15,Midwest,N
201,V-0059,Toyota,Camry,2019,2025-06-03,2025-06,51325,50k-75k,HVAC,601.3,1,T-05,West,N
202,V-0059,Toyota,Camry,2019,2025-11-14,2025-11,55518,50k-75k,Cooling System,452.68,1,T-02,Southwest,N
203,V-0060,Nissan,Rogue,2016,2025-05-07,2025-05,142505,100k-150k,Transmission,1002.86,1,T-16,Southeast,N
204,V-0060,Nissan,Rogue,2016,2025-05-18,2025-05,142985,100k-150k,Transmission,1489.03,3,T-17,Northeast,N
205,V-0060,Nissan,Rogue,2016,2025-05-27,2025-05,143167,100k-150k,Brakes,449.34,3,T-06,Northeast,N
206,V-0061,Nissan,Rogue,2017,2025-05-08,2025-05,120578,100k-150k,Suspension,551.3,1,T-07,Southeast,N
207,V-0061,Nissan,Rogue,2017,2025-06-10,2025-06,121914,100k-150k,Suspension,585.29,2,T-19,Southeast,N
208,V-0061,Nissan,Rogue,2017,2025-07-05,2025-07,122885,100k-150k,Suspension,496.02,1,T-19,West,N
209,V-0061,Nissan,Rogue,2017,2025-07-24,2025-07,123515,100k-150k,Brakes,462.38,2,T-19,West,N
210,V-0061,Nissan,Rogue,2017,2025-12-10,2025-12,129258,100k-150k,Engine,1849.87,7,T-02,Midwest,N
211,V-0062,Ford,F-150,2015,2025-03-15,2025-03,142831,100k-150k,Engine,957.33,4,T-16,Midwest,N
212,V-0062,Ford,F-150,2015,2025-03-25,2025-03,143553,100k-150k,Suspension,454.44,1,T-16,Northeast,N
213,V-0062,Ford,F-150,2015,2025-04-22,2025-04,143839,100k-150k,Electrical,356.08,1,T-05,Midwest,N
214,V-0062,Ford,F-150,2015,2025-05-04,2025-05,144807,100k-150k,Suspension,395.21,1,T-10,Northeast,N
215,V-0062,Ford,F-150,2015,2025-08-10,2025-08,148720,100k-150k,Electrical,453.72,2,T-02,Southwest,N
216,V-0063,Ford,Escape,2022,2025-05-31,2025-05,30787,25k-50k,Electrical,271.48,1,T-01,West,Y
217,V-0063,Ford,Escape,2022,2025-12-03,2025-12,35273,25k-50k,Suspension,834.7,3,T-02,West,N
218,V-0063,Ford,Escape,2022,2025-12-24,2025-12,35577,25k-50k,Suspension,578.95,1,T-10,Southwest,Y
219,V-0064,Honda,Civic,2015,2025-05-25,2025-05,142693,100k-150k,HVAC,285.39,1,T-02,Northeast,N
220,V-0064,Honda,Civic,2015,2025-05-31,2025-05,142622,100k-150k,Brakes,158.71,2,T-20,Southeast,N
221,V-0064,Honda,Civic,2015,2025-06-01,2025-06,143119,100k-150k,HVAC,249.98,1,T-14,Midwest,N
222,V-0064,Honda,Civic,2015,2025-07-13,2025-07,144861,100k-150k,Engine,3089.65,5,T-19,West,N
223,V-0064,Honda,Civic,2015,2025-07-30,2025-07,145709,100k-150k,Electrical,303.32,2,T-09,Midwest,N
224,V-0064,Honda,Civic,2015,2025-08-14,2025-08,146376,100k-150k,Electrical,308.33,1,T-02,Southeast,N
225,V-0065,Toyota,Camry,2015,2025-07-16,2025-07,134027,100k-150k,Electrical,564.7,1,T-09,Southwest,N
226,V-0065,Toyota,Camry,2015,2025-07-20,2025-07,134366,100k-150k,Electrical,357.27,1,T-19,Southeast,N
227,V-0065,Toyota,Camry,2015,2025-08-24,2025-08,135978,100k-150k,Electrical,277.71,1,T-13,Northeast,N
228,V-0065,Toyota,Camry,2015,2025-12-26,2025-12,140117,100k-150k,Electrical,784.48,3,T-04,Northeast,N
229,V-0066,Chevrolet,Malibu,2018,2025-09-17,2025-09,102313,100k-150k,Brakes,258.06,3,T-07,West,N
230,V-0066,Chevrolet,Malibu,2018,2025-09-22,2025-09,102481,100k-150k,Suspension,484.29,2,T-12,Southeast,N
231,V-0066,Chevrolet,Malibu,2018,2025-10-02,2025-10,102611,100k-150k,Transmission,3176.89,7,T-17,Midwest,N
232,V-0066,Chevrolet,Malibu,2018,2025-11-22,2025-11,104534,100k-150k,Transmission,2482.4,6,T-06,West,N
233,V-0066,Chevrolet,Malibu,2018,2025-12-23,2025-12,105562,100k-150k,Transmission,892.18,3,T-04,Southwest,N
234,V-0067,Toyota,Camry,2017,2025-03-13,2025-03,87926,75k-100k,Brakes,219.89,1,T-14,Midwest,N
235,V-0067,Toyota,Camry,2017,2025-05-20,2025-05,90275,75k-100k,Electrical,644.77,1,T-08,Southwest,N
236,V-0067,Toyota,Camry,2017,2025-12-11,2025-12,95972,75k-100k,Engine,2118.88,4,T-02,West,N
237,V-0068,Honda,CR-V,2019,2025-03-10,2025-03,64952,50k-75k,HVAC,225.74,1,T-16,Southwest,N
238,V-0068,Honda,CR-V,2019,2025-07-31,2025-07,69445,50k-75k,Engine,2595.05,4,T-14,Northeast,N
239,V-0068,Honda,CR-V,2019,2025-09-21,2025-09,70923,50k-75k,Engine,2105.02,5,T-15,West,N
240,V-0068,Honda,CR-V,2019,2025-09-26,2025-09,70959,50k-75k,Engine,3004.8,7,T-20,West,N
241,V-0068,Honda,CR-V,2019,2025-11-02,2025-11,72799,50k-75k,Engine,2813.84,6,T-08,Southeast,N
242,V-0068,Honda,CR-V,2019,2025-11-26,2025-11,73088,50k-75k,Suspension,852.02,2,T-19,West,N
243,V-0069,Nissan,Altima,2016,2025-04-14,2025-04,79708,75k-100k,Suspension,568.31,1,T-16,Southeast,N
244,V-0069,Nissan,Altima,2016,2025-07-10,2025-07,82463,75k-100k,Engine,1223.99,3,T-11,Midwest,N
245,V-0069,Nissan,Altima,2016,2025-07-28,2025-07,83188,75k-100k,Suspension,469.39,2,T-20,Midwest,N
246,V-0069,Nissan,Altima,2016,2025-10-02,2025-10,84758,75k-100k,Electrical,159.75,1,T-11,West,N
247,V-0069,Nissan,Altima,2016,2025-12-23,2025-12,86672,75k-100k,Engine,1759.9,4,T-07,Northeast,N
248,V-0069,Nissan,Altima,2016,2025-12-27,2025-12,86473,75k-100k,Brakes,458.56,1,T-19,Northeast,N
249,V-0070,Toyota,RAV4,2023,2025-04-24,2025-04,20126,0-25k,Brakes,168.93,1,T-02,Northeast,Y
250,V-0071,Nissan,Rogue,2021,2025-02-19,2025-02,46390,25k-50k,Engine,2236.07,7,T-19,West,N
251,V-0071,Nissan,Rogue,2021,2025-05-30,2025-05,49138,25k-50k,Suspension,290.36,2,T-20,Northeast,N
252,V-0071,Nissan,Rogue,2021,2025-07-27,2025-07,51632,50k-75k,HVAC,503.77,1,T-07,Southeast,N
253,V-0071,Nissan,Rogue,2021,2025-08-14,2025-08,52169,50k-75k,Transmission,2876.77,7,T-05,West,N
254,V-0072,Nissan,Rogue,2015,2025-01-02,2025-01,138163,100k-150k,HVAC,346.84,1,T-10,Northeast,N
255,V-0072,Nissan,Rogue,2015,2025-02-21,2025-02,139874,100k-150k,Suspension,586.89,1,T-17,Southwest,N
256,V-0072,Nissan,Rogue,2015,2025-04-23,2025-04,142135,100k-150k,Engine,2679.22,7,T-11,Northeast,N
257,V-0072,Nissan,Rogue,2015,2025-05-04,2025-05,143314,100k-150k,Engine,2272.21,4,T-04,Northeast,N
258,V-0073,Nissan,Altima,2018,2025-07-12,2025-07,72020,50k-75k,Electrical,621.45,1,T-12,Midwest,N
259,V-0075,Ford,Escape,2017,2025-06-10,2025-06,118807,100k-150k,Transmission,1198.57,4,T-06,Southeast,N
260,V-0076,Nissan,Rogue,2019,2025-09-01,2025-09,54142,50k-75k,Brakes,227.1,1,T-14,Northeast,N
261,V-0076,Nissan,Rogue,2019,2025-11-24,2025-11,55563,50k-75k,Electrical,122.58,1,T-01,Southeast,N
262,V-0077,Toyota,Corolla,2022,2025-02-10,2025-02,24607,0-25k,Brakes,236.65,1,T-18,Midwest,Y
263,V-0077,Toyota,Corolla,2022,2025-06-18,2025-06,27081,25k-50k,Suspension,225.21,1,T-03,Northeast,Y
264,V-0077,Toyota,Corolla,2022,2025-08-02,2025-08,28829,25k-50k,Suspension,166.97,1,T-11,Midwest,Y
265,V-0078,Chevrolet,Equinox,2015,2025-01-19,2025-01,152988,150k+,Suspension,834.14,1,T-03,Northeast,N
266,V-0078,Chevrolet,Equinox,2015,2025-10-08,2025-10,163767,150k+,Brakes,191.47,1,T-18,Midwest,N
267,V-0079,Toyota,RAV4,2021,2025-02-25,2025-02,56092,50k-75k,Engine,2461.07,6,T-08,Southwest,N
268,V-0079,Toyota,RAV4,2021,2025-03-08,2025-03,56999,50k-75k,Engine,2105.82,6,T-20,Midwest,N
269,V-0079,Toyota,RAV4,2021,2025-04-18,2025-04,58290,50k-75k,Brakes,224.87,2,T-16,West,N
270,V-0079,Toyota,RAV4,2021,2025-07-17,2025-07,61575,50k-75k,HVAC,640.36,1,T-05,Northeast,N
271,V-0079,Toyota,RAV4,2021,2025-09-16,2025-09,64437,50k-75k,Brakes,529.02,1,T-10,West,N
272,V-0079,Toyota,RAV4,2021,2025-10-06,2025-10,65096,50k-75k,Engine,2867.51,8,T-14,Northeast,N
273,V-0080,Chevrolet,Silverado,2022,2025-10-07,2025-10,27890,25k-50k,Brakes,530.97,1,T-05,Southeast,Y
274,V-0081,Honda,CR-V,2017,2025-02-14,2025-02,103251,100k-150k,Engine,705.59,1,T-06,Southeast,N
275,V-0082,Honda,Accord,2021,2025-07-27,2025-07,60773,50k-75k,Engine,734.44,3,T-07,Midwest,N
276,V-0082,Honda,Accord,2021,2025-09-09,2025-09,62279,50k-75k,Engine,1680.66,4,T-06,Southeast,N
277,V-0082,Honda,Accord,2021,2025-10-01,2025-10,62714,50k-75k,Engine,2072.22,5,T-05,West,N
278,V-0083,Chevrolet,Equinox,2017,2025-03-23,2025-03,86429,75k-100k,Transmission,1385.32,1,T-20,Northeast,N
279,V-0083,Chevrolet,Equinox,2017,2025-05-07,2025-05,87305,75k-100k,Brakes,542.98,2,T-10,Northeast,N
280,V-0083,Chevrolet,Equinox,2017,2025-06-24,2025-06,89122,75k-100k,Brakes,181.99,1,T-18,Northeast,N
281,V-0083,Chevrolet,Equinox,2017,2025-10-18,2025-10,92557,75k-100k,Cooling System,540.1,1,T-13,Southeast,N
282,V-0083,Chevrolet,Equinox,2017,2025-12-27,2025-12,94470,75k-100k,Electrical,716.49,1,T-13,West,N
283,V-0084,Nissan,Sentra,2016,2025-04-16,2025-04,127767,100k-150k,Engine,985.66,2,T-13,Midwest,N
284,V-0085,Honda,Accord,2019,2025-01-09,2025-01,54159,50k-75k,Electrical,803.55,4,T-05,West,N
285,V-0086,Nissan,Rogue,2022,2025-05-04,2025-05,42138,25k-50k,Suspension,597.76,2,T-02,Southwest,N
286,V-0086,Nissan,Rogue,2022,2025-05-26,2025-05,42908,25k-50k,Suspension,446.46,2,T-01,Northeast,Y
287,V-0086,Nissan,Rogue,2022,2025-12-20,2025-12,51118,50k-75k,Transmission,1921.43,4,T-13,Midwest,Y
288,V-0087,Nissan,Altima,2019,2025-02-18,2025-02,67777,50k-75k,Engine,2871.86,8,T-17,Southeast,N
289,V-0087,Nissan,Altima,2019,2025-04-07,2025-04,69629,50k-75k,Engine,2086.78,5,T-15,West,N
290,V-0087,Nissan,Altima,2019,2025-05-25,2025-05,71439,50k-75k,Engine,1923.07,3,T-14,West,N
291,V-0087,Nissan,Altima,2019,2025-05-28,2025-05,71142,50k-75k,Brakes,560.05,1,T-15,West,N
292,V-0087,Nissan,Altima,2019,2025-09-11,2025-09,74923,50k-75k,Transmission,997.65,3,T-14,Midwest,N
293,V-0089,Nissan,Rogue,2020,2025-06-24,2025-06,46831,25k-50k,Electrical,277.46,1,T-10,Southwest,N
294,V-0089,Nissan,Rogue,2020,2025-10-09,2025-10,49690,25k-50k,Electrical,416.85,1,T-15,Northeast,N
295,V-0090,Ford,F-150,2019,2025-01-04,2025-01,45485,25k-50k,Electrical,383.93,1,T-06,Southeast,N
296,V-0090,Ford,F-150,2019,2025-02-14,2025-02,47026,25k-50k,Electrical,461.83,2,T-08,Midwest,N
297,V-0090,Ford,F-150,2019,2025-04-01,2025-04,48021,25k-50k,Electrical,663.52,1,T-11,Midwest,N
298,V-0090,Ford,F-150,2019,2025-05-23,2025-05,49044,25k-50k,Brakes,341.98,1,T-07,Northeast,N
299,V-0090,Ford,F-150,2019,2025-06-08,2025-06,49692,25k-50k,Engine,1689.92,4,T-11,Northeast,N
300,V-0090,Ford,F-150,2019,2025-07-09,2025-07,49752,25k-50k,Brakes,643.01,1,T-03,Northeast,N
301,V-0090,Ford,F-150,2019,2025-07-13,2025-07,50182,50k-75k,Cooling System,167.93,1,T-01,Midwest,N
302,V-0091,Chevrolet,Malibu,2016,2025-04-10,2025-04,75253,75k-100k,Brakes,474.39,2,T-12,Northeast,N
303,V-0091,Chevrolet,Malibu,2016,2025-05-19,2025-05,75686,75k-100k,Brakes,395.42,1,T-06,West,N
304,V-0092,Ford,Escape,2019,2025-06-14,2025-06,80333,75k-100k,HVAC,244.56,1,T-14,Midwest,N
305,V-0092,Ford,Escape,2019,2025-06-25,2025-06,81195,75k-100k,Transmission,1858.42,6,T-06,Northeast,N
306,V-0092,Ford,Escape,2019,2025-07-04,2025-07,80921,75k-100k,Electrical,305.84,1,T-01,Southwest,N
307,V-0092,Ford,Escape,2019,2025-09-03,2025-09,83800,75k-100k,Electrical,132.14,1,T-08,Southeast,N
308,V-0092,Ford,Escape,2019,2025-10-06,2025-10,84314,75k-100k,Brakes,636.04,1,T-12,West,N
309,V-0092,Ford,Escape,2019,2025-10-28,2025-10,85271,75k-100k,Electrical,445.87,1,T-09,Southwest,N
310,V-0093,Nissan,Altima,2023,2025-01-06,2025-01,25701,25k-50k,Brakes,277.97,1,T-19,Northeast,Y
311,V-0093,Nissan,Altima,2023,2025-02-09,2025-02,26424,25k-50k,Transmission,1063.18,2,T-09,Southeast,N
312,V-0093,Nissan,Altima,2023,2025-02-16,2025-02,26568,25k-50k,Engine,2556.22,6,T-13,Southeast,N
313,V-0093,Nissan,Altima,2023,2025-03-20,2025-03,27649,25k-50k,Engine,1083.82,2,T-20,Midwest,Y
314,V-0093,Nissan,Altima,2023,2025-04-26,2025-04,28765,25k-50k,Engine,481.22,1,T-05,Northeast,Y
315,V-0093,Nissan,Altima,2023,2025-06-04,2025-06,29996,25k-50k,HVAC,297.16,2,T-11,Midwest,N
316,V-0093,Nissan,Altima,2023,2025-06-16,2025-06,30494,25k-50k,Brakes,274.91,1,T-18,Southeast,N
317,V-0093,Nissan,Altima,2023,2025-08-21,2025-08,32958,25k-50k,Transmission,3176.14,10,T-03,Midwest,Y
318,V-0093,Nissan,Altima,2023,2025-10-04,2025-10,34268,25k-50k,Transmission,2432.71,5,T-10,West,N
319,V-0094,Chevrolet,Silverado,2019,2025-01-23,2025-01,45308,25k-50k,Suspension,711.34,1,T-15,West,N
320,V-0094,Chevrolet,Silverado,2019,2025-08-23,2025-08,49943,25k-50k,Electrical,577.15,2,T-14,Southeast,N
321,V-0095,Nissan,Altima,2017,2025-04-20,2025-04,81131,75k-100k,Brakes,255.61,1,T-20,Southeast,N
322,V-0096,Nissan,Sentra,2017,2025-10-11,2025-10,69525,50k-75k,Transmission,1623.18,4,T-05,Northeast,N
323,V-0097,Nissan,Sentra,2023,2025-02-08,2025-02,19105,0-25k,Cooling System,599.98,2,T-01,Southeast,Y
324,V-0097,Nissan,Sentra,2023,2025-08-12,2025-08,24264,0-25k,Electrical,631.48,2,T-14,West,N
325,V-0097,Nissan,Sentra,2023,2025-08-13,2025-08,23526,0-25k,Brakes,153.03,1,T-10,Midwest,Y
326,V-0097,Nissan,Sentra,2023,2025-09-03,2025-09,24392,0-25k,Suspension,223.69,1,T-10,West,Y
327,V-0097,Nissan,Sentra,2023,2025-09-13,2025-09,25258,25k-50k,Suspension,388.8,1,T-12,Southeast,Y
328,V-0097,Nissan,Sentra,2023,2025-10-13,2025-10,25720,25k-50k,Electrical,216.33,1,T-08,Southeast,Y
329,V-0097,Nissan,Sentra,2023,2025-12-28,2025-12,26921,25k-50k,Suspension,439.15,1,T-08,West,N
330,V-0098,Toyota,Camry,2018,2025-01-14,2025-01,92254,75k-100k,Transmission,3354.26,8,T-02,Northeast,N
331,V-0098,Toyota,Camry,2018,2025-04-14,2025-04,95775,75k-100k,Brakes,489.74,1,T-07,Southwest,N
332,V-0098,Toyota,Camry,2018,2025-07-31,2025-07,100172,100k-150k,Engine,3033.47,7,T-11,Midwest,N
333,V-0098,Toyota,Camry,2018,2025-09-04,2025-09,101238,100k-150k,Engine,2339.52,3,T-07,Northeast,N
334,V-0098,Toyota,Camry,2018,2025-12-03,2025-12,104984,100k-150k,Brakes,376.66,1,T-16,West,N
335,V-0099,Nissan,Rogue,2022,2025-02-09,2025-02,50321,50k-75k,HVAC,335.73,1,T-18,Midwest,Y
336,V-0099,Nissan,Rogue,2022,2025-02-13,2025-02,50496,50k-75k,Engine,1034.79,1,T-19,Midwest,Y
337,V-0099,Nissan,Rogue,2022,2025-07-25,2025-07,57111,50k-75k,Transmission,1136.94,2,T-18,Southeast,Y
338,V-0100,Honda,CR-V,2020,2025-07-19,2025-07,77208,75k-100k,Cooling System,391.0,2,T-15,Midwest,N
339,V-0100,Honda,CR-V,2020,2025-09-21,2025-09,79704,75k-100k,Cooling System,530.0,1,T-13,Midwest,N
340,V-0101,Chevrolet,Silverado,2021,2025-06-14,2025-06,39561,25k-50k,Brakes,325.07,1,T-09,Midwest,N
341,V-0101,Chevrolet,Silverado,2021,2025-11-30,2025-11,43626,25k-50k,Transmission,1761.81,4,T-10,West,N
342,V-0101,Chevrolet,Silverado,2021,2025-12-27,2025-12,44843,25k-50k,Transmission,1912.5,6,T-17,Midwest,N
343,V-0102,Honda,Accord,2023,2025-04-03,2025-04,31269,25k-50k,Engine,1978.83,3,T-04,West,Y
344,V-0102,Honda,Accord,2023,2025-08-18,2025-08,37271,25k-50k,HVAC,703.64,1,T-15,West,N
345,V-0103,Chevrolet,Equinox,2021,2025-02-18,2025-02,48749,25k-50k,Engine,2404.54,3,T-13,Southeast,N
346,V-0103,Chevrolet,Equinox,2021,2025-03-15,2025-03,49287,25k-50k,Electrical,172.56,1,T-01,Southwest,N
347,V-0103,Chevrolet,Equinox,2021,2025-03-17,2025-03,49628,25k-50k,Transmission,2991.16,8,T-14,West,N
348,V-0103,Chevrolet,Equinox,2021,2025-05-03,2025-05,51010,50k-75k,HVAC,547.33,1,T-12,Southeast,N
349,V-0103,Chevrolet,Equinox,2021,2025-06-13,2025-06,52318,50k-75k,Engine,2577.09,6,T-07,Southwest,N
350,V-0103,Chevrolet,Equinox,2021,2025-08-05,2025-08,54833,50k-75k,Suspension,930.94,1,T-04,Midwest,N
351,V-0103,Chevrolet,Equinox,2021,2025-08-10,2025-08,54926,50k-75k,Engine,1681.85,4,T-14,West,N
352,V-0103,Chevrolet,Equinox,2021,2025-08-22,2025-08,55045,50k-75k,Brakes,631.35,1,T-07,Midwest,N
353,V-0103,Chevrolet,Equinox,2021,2025-09-13,2025-09,55527,50k-75k,Suspension,387.63,1,T-16,Southeast,N
354,V-0103,Chevrolet,Equinox,2021,2025-10-06,2025-10,56921,50k-75k,Suspension,258.37,1,T-05,Midwest,N
355,V-0104,Toyota,Camry,2018,2025-02-17,2025-02,78731,75k-100k,Brakes,245.21,1,T-06,Midwest,N
356,V-0104,Toyota,Camry,2018,2025-03-20,2025-03,79570,75k-100k,Brakes,508.66,1,T-09,Midwest,N
357,V-0104,Toyota,Camry,2018,2025-07-25,2025-07,83837,75k-100k,Suspension,830.84,1,T-06,Northeast,N
358,V-0104,Toyota,Camry,2018,2025-08-14,2025-08,84375,75k-100k,Suspension,466.76,1,T-14,Southeast,N
359,V-0104,Toyota,Camry,2018,2025-09-04,2025-09,85315,75k-100k,Suspension,901.76,3,T-19,Midwest,N
360,V-0105,Chevrolet,Malibu,2018,2025-03-05,2025-03,72748,50k-75k,Transmission,1790.99,4,T-09,Midwest,N
361,V-0105,Chevrolet,Malibu,2018,2025-03-19,2025-03,73186,50k-75k,Engine,1657.49,5,T-09,Southeast,N
362,V-0105,Chevrolet,Malibu,2018,2025-04-17,2025-04,74316,50k-75k,Suspension,229.96,1,T-10,Midwest,N
363,V-0105,Chevrolet,Malibu,2018,2025-05-05,2025-05,74323,50k-75k,Electrical,799.6,1,T-11,Northeast,N
364,V-0105,Chevrolet,Malibu,2018,2025-05-14,2025-05,74951,50k-75k,Transmission,1609.37,4,T-19,Southeast,N
365,V-0105,Chevrolet,Malibu,2018,2025-05-19,2025-05,75380,75k-100k,Engine,1462.54,4,T-13,Southwest,N
366,V-0106,Chevrolet,Malibu,2018,2025-03-19,2025-03,80050,75k-100k,Suspension,699.39,1,T-05,Southeast,N
367,V-0106,Chevrolet,Malibu,2018,2025-08-07,2025-08,83924,75k-100k,Cooling System,692.82,3,T-11,Northeast,N
368,V-0106,Chevrolet,Malibu,2018,2025-08-15,2025-08,84077,75k-100k,Cooling System,524.45,1,T-16,Northeast,N
369,V-0107,Honda,Civic,2022,2025-03-28,2025-03,52667,50k-75k,Electrical,652.52,2,T-02,Northeast,Y
370,V-0108,Nissan,Sentra,2021,2025-06-15,2025-06,46098,25k-50k,Brakes,157.7,1,T-03,Northeast,N
371,V-0108,Nissan,Sentra,2021,2025-08-19,2025-08,47484,25k-50k,Transmission,2279.97,7,T-14,Northeast,N
372,V-0108,Nissan,Sentra,2021,2025-09-09,2025-09,48393,25k-50k,Transmission,1141.72,5,T-07,Southeast,N
373,V-0108,Nissan,Sentra,2021,2025-10-17,2025-10,49115,25k-50k,Engine,2429.89,6,T-18,Northeast,N
374,V-0109,Nissan,Rogue,2019,2025-01-26,2025-01,81967,75k-100k,Transmission,2925.76,6,T-12,Northeast,N
375,V-0109,Nissan,Rogue,2019,2025-08-27,2025-08,89394,75k-100k,Suspension,366.27,1,T-09,Southeast,N
376,V-0110,Ford,Escape,2021,2025-01-27,2025-01,47820,25k-50k,HVAC,415.43,1,T-14,Northeast,N
377,V-0110,Ford,Escape,2021,2025-03-14,2025-03,49568,25k-50k,Electrical,745.96,1,T-14,Midwest,N
378,V-0110,Ford,Escape,2021,2025-04-28,2025-04,50819,50k-75k,Engine,3199.41,8,T-07,Southwest,N
379,V-0110,Ford,Escape,2021,2025-05-05,2025-05,51175,50k-75k,Electrical,497.96,1,T-06,Midwest,N
380,V-0110,Ford,Escape,2021,2025-06-23,2025-06,52920,50k-75k,HVAC,380.01,1,T-17,Southwest,N
381,V-0110,Ford,Escape,2021,2025-07-17,2025-07,53699,50k-75k,Cooling System,213.35,1,T-08,West,N
382,V-0110,Ford,Escape,2021,2025-12-13,2025-12,59325,50k-75k,Electrical,330.79,1,T-18,Southwest,N
383,V-0111,Toyota,RAV4,2015,2025-03-03,2025-03,98942,75k-100k,Transmission,981.62,1,T-11,Northeast,N
384,V-0111,Toyota,RAV4,2015,2025-03-27,2025-03,99441,75k-100k,Brakes,467.67,1,T-11,Southeast,N
385,V-0111,Toyota,RAV4,2015,2025-10-29,2025-10,105538,100k-150k,Transmission,2914.23,6,T-12,Northeast,N
386,V-0111,Toyota,RAV4,2015,2025-12-06,2025-12,106581,100k-150k,Transmission,2290.69,6,T-01,West,N
387,V-0112,Ford,Explorer,2023,2025-09-03,2025-09,23905,0-25k,Engine,2408.19,6,T-10,West,Y
388,V-0113,Chevrolet,Malibu,2020,2025-02-02,2025-02,59477,50k-75k,Transmission,2925.67,7,T-04,Northeast,N
389,V-0114,Ford,Explorer,2021,2025-03-19,2025-03,41030,25k-50k,Brakes,239.1,1,T-02,Northeast,N
390,V-0115,Toyota,RAV4,2018,2025-07-31,2025-07,98065,75k-100k,Cooling System,352.66,1,T-15,Southeast,N
391,V-0115,Toyota,RAV4,2018,2025-10-30,2025-10,101599,100k-150k,Electrical,276.7,1,T-13,Southwest,N
392,V-0115,Toyota,RAV4,2018,2025-11-24,2025-11,102812,100k-150k,Electrical,782.15,1,T-03,Southeast,N
393,V-0116,Nissan,Rogue,2023,2025-01-21,2025-01,28307,25k-50k,Electrical,148.68,1,T-02,Midwest,Y
394,V-0116,Nissan,Rogue,2023,2025-04-03,2025-04,31496,25k-50k,Engine,1550.91,4,T-04,Northeast,Y
395,V-0116,Nissan,Rogue,2023,2025-05-20,2025-05,33542,25k-50k,HVAC,577.02,2,T-18,Midwest,N
396,V-0116,Nissan,Rogue,2023,2025-06-29,2025-06,34992,25k-50k,Transmission,2778.57,5,T-02,West,N
397,V-0116,Nissan,Rogue,2023,2025-07-14,2025-07,35535,25k-50k,Brakes,591.77,1,T-17,Southwest,Y
398,V-0116,Nissan,Rogue,2023,2025-08-10,2025-08,36869,25k-50k,Electrical,515.45,2,T-16,Southeast,N
399,V-0116,Nissan,Rogue,2023,2025-08-31,2025-08,37322,25k-50k,HVAC,705.41,3,T-13,Southwest,Y
400,V-0116,Nissan,Rogue,2023,2025-09-09,2025-09,38263,25k-50k,Electrical,244.89,1,T-03,West,N
401,V-0116,Nissan,Rogue,2023,2025-09-11,2025-09,37758,25k-50k,Transmission,1507.93,3,T-15,Midwest,Y
402,V-0116,Nissan,Rogue,2023,2025-12-06,2025-12,41725,25k-50k,Brakes,593.32,1,T-11,Midwest,N
403,V-0117,Chevrolet,Equinox,2015,2025-06-29,2025-06,92099,75k-100k,Transmission,968.12,1,T-10,Southeast,N
404,V-0117,Chevrolet,Equinox,2015,2025-10-22,2025-10,94177,75k-100k,Suspension,338.22,1,T-15,Midwest,N
405,V-0117,Chevrolet,Equinox,2015,2025-11-29,2025-11,95160,75k-100k,Brakes,423.41,1,T-08,Southwest,N
406,V-0118,Toyota,Camry,2016,2025-04-03,2025-04,112636,100k-150k,Electrical,768.71,2,T-20,Midwest,N
407,V-0118,Toyota,Camry,2016,2025-05-16,2025-05,113837,100k-150k,Electrical,374.08,1,T-14,Southeast,N
408,V-0118,Toyota,Camry,2016,2025-05-31,2025-05,114561,100k-150k,Electrical,627.69,2,T-10,Midwest,N
409,V-0118,Toyota,Camry,2016,2025-09-18,2025-09,118382,100k-150k,Cooling System,456.26,1,T-12,West,N
410,V-0118,Toyota,Camry,2016,2025-09-27,2025-09,118759,100k-150k,Engine,1572.51,3,T-01,Southeast,N
411,V-0119,Ford,Escape,2021,2025-01-11,2025-01,49926,25k-50k,Brakes,355.82,1,T-06,Southeast,N
412,V-0119,Ford,Escape,2021,2025-01-21,2025-01,50001,50k-75k,Electrical,135.95,1,T-15,Midwest,N
413,V-0119,Ford,Escape,2021,2025-05-08,2025-05,53737,50k-75k,Brakes,468.96,2,T-09,West,N
414,V-0119,Ford,Escape,2021,2025-07-12,2025-07,55675,50k-75k,Suspension,458.71,1,T-01,West,N
415,V-0119,Ford,Escape,2021,2025-08-15,2025-08,57225,50k-75k,HVAC,511.45,1,T-07,Northeast,N
416,V-0120,Nissan,Rogue,2019,2025-02-28,2025-02,71990,50k-75k,HVAC,612.34,1,T-14,Midwest,N
417,V-0120,Nissan,Rogue,2019,2025-08-16,2025-08,77616,75k-100k,Suspension,264.43,3,T-05,Northeast,N
418,V-0120,Nissan,Rogue,2019,2025-10-30,2025-10,79537,75k-100k,HVAC,200.91,1,T-17,Midwest,N
419,V-0120,Nissan,Rogue,2019,2025-12-07,2025-12,81231,75k-100k,Brakes,317.52,1,T-15,Midwest,N
420,V-0121,Toyota,RAV4,2022,2025-01-01,2025-01,23362,0-25k,Suspension,456.28,1,T-05,Southeast,Y
421,V-0122,Chevrolet,Malibu,2019,2025-04-06,2025-04,77671,75k-100k,Cooling System,162.25,1,T-05,West,N
422,V-0122,Chevrolet,Malibu,2019,2025-07-31,2025-07,81463,75k-100k,Electrical,728.36,1,T-19,Southwest,N
423,V-0122,Chevrolet,Malibu,2019,2025-09-05,2025-09,82640,75k-100k,Engine,2085.05,3,T-16,West,N
424,V-0122,Chevrolet,Malibu,2019,2025-09-29,2025-09,83546,75k-100k,Suspension,669.26,2,T-19,Northeast,N
425,V-0122,Chevrolet,Malibu,2019,2025-10-15,2025-10,84606,75k-100k,Suspension,580.36,1,T-19,Southwest,N
426,V-0123,Nissan,Rogue,2016,2025-05-19,2025-05,114135,100k-150k,Cooling System,636.47,2,T-05,Midwest,N
427,V-0123,Nissan,Rogue,2016,2025-12-22,2025-12,122075,100k-150k,Electrical,543.78,1,T-03,Southwest,N
428,V-0124,Chevrolet,Silverado,2022,2025-01-24,2025-01,38507,25k-50k,Electrical,471.75,1,T-02,Midwest,Y
429,V-0124,Chevrolet,Silverado,2022,2025-08-01,2025-08,45860,25k-50k,Suspension,227.87,1,T-19,Midwest,Y
430,V-0125,Chevrolet,Equinox,2019,2025-01-14,2025-01,55881,50k-75k,Electrical,805.11,2,T-03,West,N
431,V-0125,Chevrolet,Equinox,2019,2025-02-15,2025-02,57086,50k-75k,Electrical,492.55,1,T-12,Midwest,N
432,V-0125,Chevrolet,Equinox,2019,2025-05-05,2025-05,58559,50k-75k,Suspension,358.88,1,T-08,West,N
433,V-0125,Chevrolet,Equinox,2019,2025-05-27,2025-05,59739,50k-75k,Engine,2679.62,8,T-10,West,N
434,V-0125,Chevrolet,Equinox,2019,2025-08-22,2025-08,62078,50k-75k,Engine,2724.42,7,T-10,Northeast,N
435,V-0125,Chevrolet,Equinox,2019,2025-09-05,2025-09,62667,50k-75k,Engine,1746.86,4,T-06,West,N
436,V-0125,Chevrolet,Equinox,2019,2025-12-26,2025-12,65845,50k-75k,Engine,1846.21,3,T-09,Northeast,N
437,V-0126,Nissan,Altima,2015,2025-03-03,2025-03,146340,100k-150k,Suspension,890.92,1,T-03,Southeast,N
438,V-0126,Nissan,Altima,2015,2025-04-05,2025-04,147617,100k-150k,Suspension,558.15,2,T-10,Southeast,N
439,V-0126,Nissan,Altima,2015,2025-04-14,2025-04,147960,100k-150k,Engine,2959.76,6,T-14,Northeast,N
440,V-0126,Nissan,Altima,2015,2025-06-02,2025-06,150405,150k+,Engine,1156.77,2,T-17,Midwest,N
441,V-0126,Nissan,Altima,2015,2025-06-03,2025-06,150044,150k+,Suspension,253.9,2,T-07,West,N
442,V-0126,Nissan,Altima,2015,2025-08-01,2025-08,152942,150k+,Electrical,718.15,1,T-03,Midwest,N
443,V-0126,Nissan,Altima,2015,2025-11-04,2025-11,156904,150k+,Brakes,312.17,1,T-15,West,N
444,V-0126,Nissan,Altima,2015,2025-11-06,2025-11,157077,150k+,Engine,1011.53,1,T-02,Southeast,N
445,V-0127,Chevrolet,Equinox,2016,2025-03-18,2025-03,122454,100k-150k,Brakes,288.85,1,T-17,Southeast,N
446,V-0127,Chevrolet,Equinox,2016,2025-06-19,2025-06,125875,100k-150k,Suspension,848.89,1,T-11,Midwest,N
447,V-0127,Chevrolet,Equinox,2016,2025-08-18,2025-08,128483,100k-150k,Electrical,790.34,3,T-17,Southwest,N
448,V-0127,Chevrolet,Equinox,2016,2025-10-19,2025-10,130611,100k-150k,Electrical,615.7,2,T-13,Northeast,N
449,V-0128,Nissan,Rogue,2018,2025-03-29,2025-03,97243,75k-100k,HVAC,188.67,1,T-08,Southeast,N
450,V-0128,Nissan,Rogue,2018,2025-07-14,2025-07,101424,100k-150k,Suspension,488.68,1,T-05,West,N
451,V-0128,Nissan,Rogue,2018,2025-08-22,2025-08,103209,100k-150k,Transmission,3485.12,9,T-04,Northeast,N
452,V-0128,Nissan,Rogue,2018,2025-11-27,2025-11,106405,100k-150k,Cooling System,396.77,2,T-19,Southeast,N
453,V-0128,Nissan,Rogue,2018,2025-12-08,2025-12,106635,100k-150k,Engine,872.85,3,T-19,Southeast,N
454,V-0129,Toyota,Corolla,2020,2025-01-22,2025-01,80152,75k-100k,Cooling System,291.53,1,T-17,Northeast,N
455,V-0129,Toyota,Corolla,2020,2025-05-22,2025-05,85498,75k-100k,Transmission,2208.26,4,T-09,Northeast,N
456,V-0129,Toyota,Corolla,2020,2025-06-20,2025-06,86511,75k-100k,Brakes,272.24,1,T-07,Southeast,N
457,V-0129,Toyota,Corolla,2020,2025-11-12,2025-11,92321,75k-100k,Cooling System,338.46,1,T-12,Midwest,N
458,V-0129,Toyota,Corolla,2020,2025-11-20,2025-11,92774,75k-100k,Transmission,2208.26,6,T-09,Southeast,N
459,V-0129,Toyota,Corolla,2020,2025-12-30,2025-12,94629,75k-100k,Electrical,747.95,2,T-10,Southeast,N
460,V-0130,Nissan,Rogue,2018,2025-08-23,2025-08,71746,50k-75k,Suspension,828.63,1,T-20,West,N
461,V-0130,Nissan,Rogue,2018,2025-10-16,2025-10,73213,50k-75k,Suspension,479.18,1,T-02,Midwest,N
462,V-0130,Nissan,Rogue,2018,2025-10-24,2025-10,73503,50k-75k,HVAC,548.75,1,T-02,Southwest,N
463,V-0131,Nissan,Sentra,2016,2025-02-21,2025-02,81495,75k-100k,HVAC,379.13,1,T-19,Midwest,N
464,V-0131,Nissan,Sentra,2016,2025-08-17,2025-08,85872,75k-100k,Engine,1446.9,4,T-01,Southeast,N
465,V-0131,Nissan,Sentra,2016,2025-09-16,2025-09,86751,75k-100k,Engine,1302.84,3,T-10,Southwest,N
466,V-0131,Nissan,Sentra,2016,2025-11-04,2025-11,87771,75k-100k,Suspension,466.52,1,T-07,Southeast,N
467,V-0132,Toyota,RAV4,2019,2025-04-11,2025-04,48693,25k-50k,HVAC,255.0,2,T-14,Southeast,N
468,V-0132,Toyota,RAV4,2019,2025-05-29,2025-05,49945,25k-50k,Electrical,806.5,1,T-19,Midwest,N
469,V-0133,Chevrolet,Silverado,2018,2025-03-29,2025-03,71400,50k-75k,Engine,1291.75,2,T-03,Northeast,N
470,V-0133,Chevrolet,Silverado,2018,2025-04-16,2025-04,71678,50k-75k,Brakes,328.51,1,T-12,Southwest,N
471,V-0133,Chevrolet,Silverado,2018,2025-08-08,2025-08,75356,75k-100k,Suspension,506.45,1,T-10,Midwest,N
472,V-0134,Honda,Accord,2015,2025-01-15,2025-01,111571,100k-150k,Electrical,685.86,2,T-11,Southeast,N
473,V-0134,Honda,Accord,2015,2025-02-13,2025-02,112300,100k-150k,Suspension,618.42,1,T-20,West,N
474,V-0134,Honda,Accord,2015,2025-04-22,2025-04,113960,100k-150k,Suspension,683.65,2,T-05,Midwest,N
475,V-0134,Honda,Accord,2015,2025-08-08,2025-08,116862,100k-150k,Engine,1645.04,5,T-20,Midwest,N
476,V-0134,Honda,Accord,2015,2025-12-02,2025-12,120157,100k-150k,Brakes,230.47,1,T-12,Southwest,N
477,V-0135,Chevrolet,Silverado,2019,2025-09-29,2025-09,64701,50k-75k,HVAC,563.25,2,T-01,Southeast,N
478,V-0136,Toyota,RAV4,2021,2025-04-07,2025-04,45822,25k-50k,Electrical,321.26,1,T-03,Southwest,N
479,V-0136,Toyota,RAV4,2021,2025-05-06,2025-05,46315,25k-50k,Electrical,100.51,1,T-20,West,N
480,V-0136,Toyota,RAV4,2021,2025-05-28,2025-05,46851,25k-50k,HVAC,612.49,1,T-07,West,N
481,V-0136,Toyota,RAV4,2021,2025-06-29,2025-06,48037,25k-50k,Brakes,536.4,1,T-07,West,N
482,V-0136,Toyota,RAV4,2021,2025-10-09,2025-10,51081,50k-75k,Suspension,813.36,2,T-08,Midwest,N
483,V-0136,Toyota,RAV4,2021,2025-11-25,2025-11,52503,50k-75k,Suspension,377.14,1,T-08,Southwest,N
484,V-0136,Toyota,RAV4,2021,2025-12-24,2025-12,52863,50k-75k,Suspension,405.99,1,T-08,West,N
485,V-0138,Toyota,Corolla,2020,2025-11-07,2025-11,53861,50k-75k,Suspension,317.58,1,T-01,Southwest,N
486,V-0138,Toyota,Corolla,2020,2025-12-31,2025-12,55257,50k-75k,Electrical,284.72,1,T-15,Southwest,N
487,V-0139,Nissan,Altima,2017,2025-02-06,2025-02,70093,50k-75k,Electrical,809.07,2,T-19,West,N
488,V-0139,Nissan,Altima,2017,2025-08-03,2025-08,75474,75k-100k,Electrical,293.21,1,T-01,West,N
489,V-0139,Nissan,Altima,2017,2025-12-21,2025-12,78898,75k-100k,Transmission,1191.94,3,T-13,Midwest,N
490,V-0140,Nissan,Rogue,2022,2025-03-21,2025-03,32602,25k-50k,Suspension,213.83,1,T-11,West,N
491,V-0140,Nissan,Rogue,2022,2025-05-08,2025-05,34277,25k-50k,Suspension,546.37,1,T-18,Southwest,Y
492,V-0140,Nissan,Rogue,2022,2025-07-24,2025-07,36219,25k-50k,Electrical,755.99,1,T-07,Northeast,Y
493,V-0140,Nissan,Rogue,2022,2025-09-09,2025-09,36855,25k-50k,Brakes,268.86,1,T-14,Northeast,Y
494,V-0141,Honda,Accord,2023,2025-02-10,2025-02,15226,0-25k,Engine,3142.52,7,T-19,Midwest,N
495,V-0141,Honda,Accord,2023,2025-03-14,2025-03,15863,0-25k,Engine,531.5,1,T-06,Midwest,N
496,V-0141,Honda,Accord,2023,2025-04-07,2025-04,16434,0-25k,Transmission,2801.62,7,T-07,Southeast,N
497,V-0141,Honda,Accord,2023,2025-04-25,2025-04,17004,0-25k,Transmission,639.8,2,T-03,West,Y
498,V-0141,Honda,Accord,2023,2025-05-04,2025-05,17258,0-25k,Suspension,663.34,1,T-07,Northeast,N
499,V-0141,Honda,Accord,2023,2025-09-30,2025-09,20306,0-25k,Engine,2811.02,8,T-05,West,Y
500,V-0141,Honda,Accord,2023,2025-10-10,2025-10,21009,0-25k,Engine,1425.49,4,T-18,Southwest,N
501,V-0141,Honda,Accord,2023,2025-12-08,2025-12,21681,0-25k,Suspension,353.27,1,T-10,Southwest,N
502,V-0142,Toyota,Camry,2022,2025-03-23,2025-03,42248,25k-50k,Electrical,196.23,1,T-11,Southeast,Y
503,V-0142,Toyota,Camry,2022,2025-11-11,2025-11,50487,50k-75k,HVAC,260.28,1,T-04,Midwest,Y
504,V-0143,Nissan,Altima,2017,2025-08-10,2025-08,107705,100k-150k,Suspension,937.53,2,T-15,West,N
505,V-0143,Nissan,Altima,2017,2025-10-02,2025-10,110480,100k-150k,HVAC,728.75,3,T-19,Northeast,N
506,V-0143,Nissan,Altima,2017,2025-10-19,2025-10,110635,100k-150k,Cooling System,537.55,1,T-11,Midwest,N
507,V-0144,Chevrolet,Silverado,2023,2025-06-06,2025-06,37664,25k-50k,HVAC,376.37,1,T-17,Midwest,Y
508,V-0144,Chevrolet,Silverado,2023,2025-11-07,2025-11,44179,25k-50k,Cooling System,205.97,1,T-07,Northeast,Y
509,V-0144,Chevrolet,Silverado,2023,2025-12-23,2025-12,45421,25k-50k,Electrical,749.1,2,T-14,Northeast,N
510,V-0145,Nissan,Rogue,2022,2025-02-02,2025-02,37761,25k-50k,Suspension,761.55,2,T-16,Southeast,N
511,V-0145,Nissan,Rogue,2022,2025-03-14,2025-03,39336,25k-50k,Suspension,910.29,2,T-02,Northeast,N
512,V-0145,Nissan,Rogue,2022,2025-04-01,2025-04,40026,25k-50k,Suspension,602.23,2,T-17,Southwest,N
513,V-0145,Nissan,Rogue,2022,2025-04-21,2025-04,41420,25k-50k,Electrical,595.93,1,T-17,Southwest,Y
514,V-0145,Nissan,Rogue,2022,2025-05-16,2025-05,42046,25k-50k,Suspension,625.22,2,T-19,Southwest,N
515,V-0145,Nissan,Rogue,2022,2025-09-02,2025-09,46353,25k-50k,Brakes,215.01,1,T-20,Southeast,N
516,V-0145,Nissan,Rogue,2022,2025-10-01,2025-10,47143,25k-50k,Brakes,525.66,1,T-02,West,Y
517,V-0145,Nissan,Rogue,2022,2025-10-19,2025-10,48580,25k-50k,Cooling System,508.43,1,T-15,Southeast,N
518,V-0146,Ford,F-150,2016,2025-01-26,2025-01,79383,75k-100k,Electrical,825.76,2,T-17,Southwest,N
519,V-0146,Ford,F-150,2016,2025-02-17,2025-02,79397,75k-100k,Engine,2612.03,5,T-09,Northeast,N
520,V-0146,Ford,F-150,2016,2025-03-30,2025-03,80405,75k-100k,Engine,707.09,1,T-17,Southwest,N
521,V-0146,Ford,F-150,2016,2025-07-17,2025-07,83399,75k-100k,Transmission,2781.35,7,T-15,Southwest,N
522,V-0147,Ford,Explorer,2019,2025-04-11,2025-04,84423,75k-100k,Engine,2177.71,4,T-20,West,N
523,V-0147,Ford,Explorer,2019,2025-06-09,2025-06,86865,75k-100k,Engine,2856.37,6,T-02,Northeast,N
524,V-0147,Ford,Explorer,2019,2025-10-16,2025-10,90895,75k-100k,Cooling System,477.12,1,T-14,West,N
525,V-0147,Ford,Explorer,2019,2025-11-22,2025-11,92424,75k-100k,Engine,2696.82,6,T-06,Midwest,N
526,V-0148,Ford,F-150,2022,2025-01-27,2025-01,37592,25k-50k,HVAC,339.42,1,T-10,Southwest,Y
527,V-0148,Ford,F-150,2022,2025-06-21,2025-06,42400,25k-50k,Brakes,156.23,1,T-16,West,N
528,V-0148,Ford,F-150,2022,2025-08-21,2025-08,45195,25k-50k,HVAC,581.01,1,T-10,Southeast,N
529,V-0148,Ford,F-150,2022,2025-09-25,2025-09,46111,25k-50k,Brakes,198.52,1,T-11,Northeast,Y
530,V-0148,Ford,F-150,2022,2025-10-01,2025-10,46835,25k-50k,Transmission,1707.92,5,T-05,Southeast,Y
531,V-0148,Ford,F-150,2022,2025-10-11,2025-10,47267,25k-50k,Brakes,194.2,1,T-17,Northeast,N
532,V-0148,Ford,F-150,2022,2025-11-20,2025-11,48451,25k-50k,Transmission,1438.95,2,T-05,Southwest,N
533,V-0149,Toyota,Camry,2015,2025-02-11,2025-02,147218,100k-150k,Brakes,240.76,1,T-06,West,N
534,V-0149,Toyota,Camry,2015,2025-03-10,2025-03,148118,100k-150k,Suspension,943.92,3,T-02,Southwest,N
535,V-0149,Toyota,Camry,2015,2025-04-11,2025-04,149735,100k-150k,Engine,2448.56,4,T-10,Southwest,N
536,V-0149,Toyota,Camry,2015,2025-06-14,2025-06,151644,150k+,Engine,2131.76,3,T-19,Northeast,N
537,V-0149,Toyota,Camry,2015,2025-08-07,2025-08,153864,150k+,Cooling System,429.03,1,T-14,Southeast,N
538,V-0149,Toyota,Camry,2015,2025-08-14,2025-08,154261,150k+,Engine,2387.03,6,T-11,Southeast,N
539,V-0150,Chevrolet,Equinox,2019,2025-07-19,2025-07,55170,50k-75k,Engine,3032.69,6,T-11,West,N
540,V-0150,Chevrolet,Equinox,2019,2025-07-27,2025-07,55741,50k-75k,HVAC,182.23,1,T-01,Northeast,N
541,V-0151,Toyota,Camry,2016,2025-02-14,2025-02,137429,100k-150k,Brakes,322.25,1,T-05,Midwest,N
542,V-0151,Toyota,Camry,2016,2025-12-12,2025-12,148936,100k-150k,Brakes,171.23,1,T-10,Southeast,N
543,V-0151,Toyota,Camry,2016,2025-12-26,2025-12,149383,100k-150k,Transmission,1124.76,3,T-09,Northeast,N
544,V-0152,Ford,F-150,2018,2025-03-23,2025-03,56162,50k-75k,Electrical,391.29,1,T-17,Southwest,N
545,V-0152,Ford,F-150,2018,2025-06-21,2025-06,58620,50k-75k,Transmission,2808.44,8,T-08,Midwest,N
546,V-0152,Ford,F-150,2018,2025-07-16,2025-07,59029,50k-75k,Brakes,240.17,1,T-07,Northeast,N
547,V-0152,Ford,F-150,2018,2025-08-29,2025-08,60042,50k-75k,Cooling System,338.79,1,T-18,Southwest,N
548,V-0153,Honda,CR-V,2020,2025-01-22,2025-01,60144,50k-75k,HVAC,625.21,1,T-12,West,N
549,V-0153,Honda,CR-V,2020,2025-05-09,2025-05,63892,50k-75k,Transmission,1796.39,5,T-02,Midwest,N
550,V-0154,Honda,Accord,2022,2025-09-07,2025-09,41017,25k-50k,Brakes,399.94,1,T-09,Southwest,Y
551,V-0154,Honda,Accord,2022,2025-11-28,2025-11,43679,25k-50k,Electrical,134.38,1,T-04,West,Y
552,V-0155,Honda,CR-V,2019,2025-03-28,2025-03,63646,50k-75k,Brakes,634.73,1,T-01,Southeast,N
553,V-0155,Honda,CR-V,2019,2025-06-22,2025-06,66028,50k-75k,Engine,2567.14,7,T-07,Midwest,N
554,V-0155,Honda,CR-V,2019,2025-08-28,2025-08,68092,50k-75k,Engine,1377.46,3,T-12,Southwest,N
555,V-0156,Ford,Explorer,2017,2025-10-01,2025-10,121437,100k-150k,Brakes,215.32,1,T-16,Midwest,N
556,V-0157,Toyota,Camry,2019,2025-04-21,2025-04,71355,50k-75k,Engine,2767.52,7,T-01,West,N
557,V-0158,Nissan,Sentra,2016,2025-02-02,2025-02,71133,50k-75k,Cooling System,617.17,2,T-09,Southeast,N
558,V-0158,Nissan,Sentra,2016,2025-09-17,2025-09,77019,75k-100k,Cooling System,302.24,1,T-03,Northeast,N
559,V-0158,Nissan,Sentra,2016,2025-12-19,2025-12,79297,75k-100k,Electrical,248.8,1,T-17,West,N
560,V-0159,Nissan,Altima,2015,2025-01-28,2025-01,99191,75k-100k,Suspension,728.95,1,T-08,Northeast,N
561,V-0159,Nissan,Altima,2015,2025-03-21,2025-03,100477,100k-150k,Suspension,529.84,1,T-14,Midwest,N
562,V-0159,Nissan,Altima,2015,2025-04-18,2025-04,101094,100k-150k,Transmission,2900.26,7,T-06,Midwest,N
563,V-0159,Nissan,Altima,2015,2025-12-03,2025-12,107612,100k-150k,Engine,818.13,2,T-04,Southwest,N
564,V-0160,Chevrolet,Equinox,2018,2025-12-16,2025-12,96942,75k-100k,Transmission,3091.21,6,T-01,Midwest,N
565,V-0161,Toyota,Corolla,2022,2025-02-21,2025-02,30460,25k-50k,Engine,1231.69,3,T-10,Southwest,N
566,V-0161,Toyota,Corolla,2022,2025-03-31,2025-03,31011,25k-50k,Engine,626.14,3,T-06,West,Y
567,V-0161,Toyota,Corolla,2022,2025-05-30,2025-05,33004,25k-50k,Brakes,418.7,1,T-02,Northeast,N
568,V-0162,Chevrolet,Malibu,2023,2025-10-20,2025-10,22061,0-25k,Brakes,253.69,1,T-13,Southeast,N
569,V-0162,Chevrolet,Malibu,2023,2025-12-17,2025-12,23530,0-25k,Electrical,738.35,1,T-16,Southwest,Y
570,V-0163,Ford,Escape,2016,2025-06-17,2025-06,91029,75k-100k,HVAC,597.39,1,T-14,Southwest,N
571,V-0163,Ford,Escape,2016,2025-07-07,2025-07,91601,75k-100k,Suspension,468.3,1,T-03,Southwest,N
572,V-0163,Ford,Escape,2016,2025-12-03,2025-12,95280,75k-100k,Engine,2589.69,4,T-05,Southeast,N
573,V-0164,Honda,Accord,2020,2025-03-13,2025-03,69473,50k-75k,Electrical,216.75,1,T-14,Northeast,N
574,V-0164,Honda,Accord,2020,2025-09-28,2025-09,76659,75k-100k,Brakes,221.67,1,T-12,Northeast,N
575,V-0165,Ford,Escape,2020,2025-03-05,2025-03,56449,50k-75k,Cooling System,601.4,1,T-13,West,N
576,V-0166,Honda,Accord,2016,2025-12-19,2025-12,112794,100k-150k,Cooling System,567.1,3,T-12,West,N
577,V-0167,Ford,Escape,2023,2025-04-12,2025-04,27833,25k-50k,Brakes,220.64,1,T-17,Southwest,N
578,V-0167,Ford,Escape,2023,2025-06-25,2025-06,30107,25k-50k,Brakes,239.46,1,T-17,West,N
579,V-0167,Ford,Escape,2023,2025-12-18,2025-12,35598,25k-50k,Cooling System,177.69,1,T-01,Northeast,N
580,V-0168,Ford,Explorer,2016,2025-01-12,2025-01,131692,100k-150k,Suspension,651.86,1,T-01,West,N
581,V-0168,Ford,Explorer,2016,2025-02-09,2025-02,132757,100k-150k,Engine,2092.17,3,T-18,Northeast,N
582,V-0168,Ford,Explorer,2016,2025-10-15,2025-10,142656,100k-150k,Cooling System,504.07,1,T-18,Southeast,N
583,V-0169,Chevrolet,Equinox,2017,2025-03-03,2025-03,106366,100k-150k,Brakes,313.56,2,T-05,Southwest,N
584,V-0169,Chevrolet,Equinox,2017,2025-04-05,2025-04,107918,100k-150k,Transmission,3199.74,8,T-03,Southeast,N
585,V-0169,Chevrolet,Equinox,2017,2025-04-14,2025-04,107846,100k-150k,Cooling System,427.83,3,T-19,Northeast,N
586,V-0169,Chevrolet,Equinox,2017,2025-12-08,2025-12,117475,100k-150k,Transmission,1629.36,4,T-11,Southeast,N
587,V-0170,Ford,Explorer,2018,2025-06-11,2025-06,77042,75k-100k,Cooling System,332.15,1,T-02,Southwest,N
588,V-0170,Ford,Explorer,2018,2025-08-17,2025-08,79035,75k-100k,Transmission,2842.49,7,T-06,Southwest,N
589,V-0170,Ford,Explorer,2018,2025-09-19,2025-09,80167,75k-100k,HVAC,539.04,1,T-01,Northeast,N
590,V-0170,Ford,Explorer,2018,2025-12-26,2025-12,83566,75k-100k,Transmission,3054.09,4,T-09,Midwest,N
591,V-0171,Toyota,Camry,2022,2025-02-01,2025-02,38429,25k-50k,Cooling System,599.56,2,T-03,West,Y
592,V-0171,Toyota,Camry,2022,2025-05-07,2025-05,42379,25k-50k,Engine,2790.5,9,T-15,Northeast,Y
593,V-0171,Toyota,Camry,2022,2025-05-30,2025-05,43307,25k-50k,Cooling System,543.2,3,T-01,Midwest,N
594,V-0171,Toyota,Camry,2022,2025-09-15,2025-09,46912,25k-50k,Electrical,190.17,1,T-07,Southwest,Y
595,V-0171,Toyota,Camry,2022,2025-11-07,2025-11,49453,25k-50k,Electrical,745.48,1,T-16,Northeast,Y
596,V-0171,Toyota,Camry,2022,2025-12-13,2025-12,51015,50k-75k,Electrical,668.29,1,T-14,Southwest,Y
597,V-0172,Toyota,Camry,2020,2025-04-15,2025-04,49630,25k-50k,Suspension,854.77,2,T-02,Southwest,N
598,V-0172,Toyota,Camry,2020,2025-06-10,2025-06,51138,50k-75k,Cooling System,293.55,1,T-07,Southwest,N
599,V-0172,Toyota,Camry,2020,2025-06-13,2025-06,51627,50k-75k,HVAC,330.15,1,T-07,Southeast,N
600,V-0172,Toyota,Camry,2020,2025-12-23,2025-12,56925,50k-75k,Suspension,743.61,1,T-20,Southwest,N
601,V-0173,Chevrolet,Malibu,2015,2025-03-26,2025-03,118962,100k-150k,Suspension,313.75,2,T-11,Southeast,N
602,V-0173,Chevrolet,Malibu,2015,2025-06-20,2025-06,122195,100k-150k,Cooling System,446.6,1,T-04,Northeast,N
603,V-0173,Chevrolet,Malibu,2015,2025-08-21,2025-08,124385,100k-150k,Suspension,386.66,1,T-20,Midwest,N
604,V-0173,Chevrolet,Malibu,2015,2025-10-06,2025-10,126195,100k-150k,Suspension,158.23,1,T-18,Northeast,N
605,V-0174,Ford,Explorer,2021,2025-06-04,2025-06,60258,50k-75k,Suspension,707.94,2,T-13,Southwest,N
606,V-0174,Ford,Explorer,2021,2025-07-22,2025-07,62418,50k-75k,Suspension,318.01,1,T-13,Southwest,N
607,V-0174,Ford,Explorer,2021,2025-09-15,2025-09,64393,50k-75k,Brakes,312.2,1,T-01,Southwest,N
608,V-0174,Ford,Explorer,2021,2025-10-01,2025-10,65367,50k-75k,Suspension,289.25,1,T-16,Northeast,N
609,V-0175,Chevrolet,Malibu,2017,2025-01-04,2025-01,88438,75k-100k,Transmission,1233.78,4,T-08,Southeast,N
610,V-0175,Chevrolet,Malibu,2017,2025-02-24,2025-02,90184,75k-100k,Engine,2641.72,6,T-10,Southwest,N
611,V-0175,Chevrolet,Malibu,2017,2025-03-08,2025-03,90675,75k-100k,Brakes,471.26,1,T-16,Southeast,N
612,V-0175,Chevrolet,Malibu,2017,2025-03-28,2025-03,91341,75k-100k,HVAC,682.22,1,T-09,Southwest,N
613,V-0175,Chevrolet,Malibu,2017,2025-06-10,2025-06,93194,75k-100k,Engine,2503.42,6,T-12,Southwest,N
614,V-0175,Chevrolet,Malibu,2017,2025-10-05,2025-10,97223,75k-100k,Suspension,617.5,2,T-06,West,N
615,V-0175,Chevrolet,Malibu,2017,2025-11-11,2025-11,99124,75k-100k,Suspension,723.21,2,T-02,Southeast,N
616,V-0177,Ford,Explorer,2018,2025-08-03,2025-08,80045,75k-100k,Cooling System,697.26,1,T-08,Southeast,N
617,V-0177,Ford,Explorer,2018,2025-09-23,2025-09,81262,75k-100k,Cooling System,651.59,1,T-19,Midwest,N
618,V-0177,Ford,Explorer,2018,2025-11-30,2025-11,83132,75k-100k,HVAC,328.4,1,T-19,Southeast,N
619,V-0178,Toyota,RAV4,2021,2025-01-24,2025-01,45039,25k-50k,Brakes,626.49,1,T-04,Northeast,N
620,V-0178,Toyota,RAV4,2021,2025-01-28,2025-01,44849,25k-50k,Cooling System,459.03,1,T-17,Southwest,N
621,V-0178,Toyota,RAV4,2021,2025-06-01,2025-06,48551,25k-50k,Brakes,287.1,2,T-03,Southeast,N
622,V-0178,Toyota,RAV4,2021,2025-09-19,2025-09,51566,50k-75k,Electrical,867.28,2,T-04,Northeast,N
623,V-0179,Honda,Civic,2021,2025-06-04,2025-06,41234,25k-50k,Electrical,752.72,1,T-11,Midwest,N
624,V-0180,Ford,F-150,2021,2025-07-04,2025-07,43735,25k-50k,Electrical,184.75,1,T-07,Southwest,N
625,V-0180,Ford,F-150,2021,2025-07-04,2025-07,44016,25k-50k,HVAC,584.46,1,T-08,West,N
626,V-0181,Nissan,Rogue,2023,2025-02-19,2025-02,27621,25k-50k,Cooling System,408.49,1,T-19,Southeast,N
627,V-0181,Nissan,Rogue,2023,2025-04-01,2025-04,28566,25k-50k,Engine,3133.14,9,T-09,Southeast,N
628,V-0181,Nissan,Rogue,2023,2025-04-23,2025-04,29763,25k-50k,HVAC,375.34,1,T-17,Northeast,Y
629,V-0181,Nissan,Rogue,2023,2025-07-02,2025-07,32253,25k-50k,Brakes,304.72,3,T-05,Midwest,Y
630,V-0181,Nissan,Rogue,2023,2025-09-18,2025-09,34767,25k-50k,Cooling System,634.29,1,T-13,Midwest,N
631,V-0182,Nissan,Rogue,2020,2025-02-07,2025-02,44631,25k-50k,Cooling System,419.44,1,T-16,Midwest,N
632,V-0182,Nissan,Rogue,2020,2025-02-13,2025-02,44586,25k-50k,Brakes,559.54,1,T-01,Northeast,N
633,V-0182,Nissan,Rogue,2020,2025-05-04,2025-05,46788,25k-50k,Engine,1195.75,3,T-05,Southwest,N
634,V-0182,Nissan,Rogue,2020,2025-12-09,2025-12,52397,50k-75k,HVAC,373.2,3,T-01,Midwest,N
635,V-0182,Nissan,Rogue,2020,2025-12-26,2025-12,52558,50k-75k,HVAC,239.07,1,T-05,West,N
636,V-0183,Nissan,Sentra,2017,2025-02-27,2025-02,72723,50k-75k,Brakes,302.46,1,T-19,Midwest,N
637,V-0183,Nissan,Sentra,2017,2025-12-28,2025-12,79605,75k-100k,HVAC,247.91,1,T-15,Midwest,N
638,V-0184,Toyota,Corolla,2019,2025-02-08,2025-02,62258,50k-75k,Transmission,2163.52,6,T-03,Midwest,N
639,V-0185,Honda,Civic,2017,2025-03-24,2025-03,105268,100k-150k,HVAC,551.07,1,T-16,Southwest,N
640,V-0185,Honda,Civic,2017,2025-10-12,2025-10,113614,100k-150k,HVAC,667.1,1,T-17,Southeast,N
641,V-0185,Honda,Civic,2017,2025-12-21,2025-12,116277,100k-150k,Brakes,247.0,1,T-07,Midwest,N
642,V-0186,Chevrolet,Malibu,2016,2025-06-05,2025-06,93418,75k-100k,Engine,2043.84,4,T-08,Northeast,N
643,V-0186,Chevrolet,Malibu,2016,2025-07-16,2025-07,94998,75k-100k,Suspension,803.53,1,T-04,Southeast,N
644,V-0186,Chevrolet,Malibu,2016,2025-09-08,2025-09,96196,75k-100k,Engine,2943.21,6,T-11,Midwest,N
645,V-0186,Chevrolet,Malibu,2016,2025-11-05,2025-11,98018,75k-100k,Cooling System,420.87,1,T-08,Southeast,N
646,V-0187,Nissan,Sentra,2021,2025-03-29,2025-03,43523,25k-50k,Suspension,296.14,2,T-19,Midwest,N
647,V-0187,Nissan,Sentra,2021,2025-04-02,2025-04,43751,25k-50k,Engine,788.47,1,T-14,Southeast,N
648,V-0187,Nissan,Sentra,2021,2025-09-30,2025-09,49208,25k-50k,Electrical,394.47,1,T-06,Southwest,N
649,V-0188,Honda,Civic,2022,2025-02-04,2025-02,44751,25k-50k,Brakes,644.72,1,T-19,Southwest,Y
650,V-0188,Honda,Civic,2022,2025-06-23,2025-06,50229,50k-75k,Electrical,645.29,3,T-04,West,N
651,V-0188,Honda,Civic,2022,2025-06-30,2025-06,50529,50k-75k,HVAC,393.9,2,T-18,Midwest,Y
652,V-0189,Ford,Escape,2018,2025-03-12,2025-03,97494,75k-100k,Brakes,405.16,1,T-07,Northeast,N
653,V-0189,Ford,Escape,2018,2025-05-08,2025-05,99233,75k-100k,HVAC,601.04,1,T-20,West,N
654,V-0189,Ford,Escape,2018,2025-06-28,2025-06,101205,100k-150k,Brakes,385.94,1,T-05,Midwest,N
655,V-0189,Ford,Escape,2018,2025-08-18,2025-08,103408,100k-150k,Suspension,585.74,2,T-13,Midwest,N
656,V-0189,Ford,Escape,2018,2025-08-28,2025-08,103328,100k-150k,Suspension,263.87,1,T-03,Southwest,N
657,V-0191,Nissan,Sentra,2023,2025-09-29,2025-09,38331,25k-50k,HVAC,579.33,1,T-05,Northeast,N
658,V-0192,Ford,Explorer,2021,2025-05-03,2025-05,61304,50k-75k,Engine,2135.74,4,T-06,West,N
659,V-0192,Ford,Explorer,2021,2025-10-18,2025-10,67517,50k-75k,Engine,3104.54,8,T-01,Midwest,N
660,V-0192,Ford,Explorer,2021,2025-12-18,2025-12,70509,50k-75k,Engine,2131.26,4,T-06,Midwest,N
661,V-0192,Ford,Explorer,2021,2025-12-25,2025-12,70416,50k-75k,HVAC,524.86,2,T-01,West,N
662,V-0193,Ford,Explorer,2017,2025-10-27,2025-10,115989,100k-150k,Engine,1378.47,4,T-20,Midwest,N
663,V-0194,Honda,Accord,2020,2025-02-28,2025-02,59196,50k-75k,Brakes,589.48,1,T-01,West,N
664,V-0194,Honda,Accord,2020,2025-10-05,2025-10,66719,50k-75k,Suspension,515.79,1,T-03,Midwest,N
665,V-0195,Ford,F-150,2015,2025-10-20,2025-10,127357,100k-150k,Transmission,3124.24,8,T-07,Midwest,N
666,V-0195,Ford,F-150,2015,2025-11-06,2025-11,128465,100k-150k,Transmission,745.37,1,T-19,Southwest,N
667,V-0195,Ford,F-150,2015,2025-12-05,2025-12,128420,100k-150k,Brakes,470.53,1,T-02,Northeast,N
668,V-0196,Chevrolet,Equinox,2018,2025-03-22,2025-03,62956,50k-75k,HVAC,599.3,2,T-12,Southwest,N
669,V-0196,Chevrolet,Equinox,2018,2025-03-29,2025-03,62967,50k-75k,Suspension,785.69,2,T-11,Southeast,N
670,V-0196,Chevrolet,Equinox,2018,2025-04-23,2025-04,63816,50k-75k,Suspension,462.8,1,T-01,Midwest,N
671,V-0196,Chevrolet,Equinox,2018,2025-06-11,2025-06,64954,50k-75k,Brakes,257.51,2,T-07,Southeast,N
672,V-0196,Chevrolet,Equinox,2018,2025-10-13,2025-10,68593,50k-75k,Suspension,732.5,4,T-13,Southwest,N
673,V-0197,Honda,Civic,2017,2025-06-30,2025-06,74959,50k-75k,Brakes,373.13,1,T-01,West,N
674,V-0198,Chevrolet,Equinox,2018,2025-02-06,2025-02,73404,50k-75k,Cooling System,316.79,1,T-17,West,N
675,V-0198,Chevrolet,Equinox,2018,2025-06-07,2025-06,76727,75k-100k,Transmission,1755.9,1,T-06,Southwest,N
676,V-0198,Chevrolet,Equinox,2018,2025-11-18,2025-11,80959,75k-100k,Brakes,567.82,3,T-20,Northeast,N
677,V-0199,Ford,F-150,2018,2025-01-12,2025-01,72823,50k-75k,Transmission,3290.43,10,T-10,Northeast,N
678,V-0199,Ford,F-150,2018,2025-06-06,2025-06,77056,75k-100k,Brakes,480.33,3,T-13,West,N
679,V-0199,Ford,F-150,2018,2025-07-23,2025-07,78389,75k-100k,Suspension,940.95,4,T-09,Southwest,N
680,V-0199,Ford,F-150,2018,2025-08-15,2025-08,78407,75k-100k,Suspension,441.05,1,T-16,Midwest,N
681,V-0200,Ford,Escape,2021,2025-09-03,2025-09,71707,50k-75k,Suspension,454.26,1,T-09,Northeast,N
682,V-0201,Nissan,Sentra,2023,2025-01-09,2025-01,29551,25k-50k,Engine,1822.02,5,T-16,West,Y
683,V-0201,Nissan,Sentra,2023,2025-02-22,2025-02,31825,25k-50k,Cooling System,221.09,2,T-19,West,Y
684,V-0201,Nissan,Sentra,2023,2025-07-04,2025-07,36392,25k-50k,Brakes,264.04,1,T-20,West,N
685,V-0201,Nissan,Sentra,2023,2025-10-25,2025-10,40778,25k-50k,Transmission,3446.03,10,T-13,Southwest,N
686,V-0201,Nissan,Sentra,2023,2025-12-26,2025-12,42877,25k-50k,Brakes,405.01,2,T-13,West,Y
687,V-0203,Ford,Explorer,2015,2025-03-23,2025-03,93228,75k-100k,Suspension,315.83,1,T-07,Southwest,N
688,V-0203,Ford,Explorer,2015,2025-05-15,2025-05,94430,75k-100k,Transmission,1762.55,4,T-18,Northeast,N
689,V-0203,Ford,Explorer,2015,2025-06-24,2025-06,95783,75k-100k,Engine,2434.65,5,T-02,Southeast,N
690,V-0203,Ford,Explorer,2015,2025-07-27,2025-07,96559,75k-100k,Transmission,2214.1,4,T-16,Midwest,N
691,V-0203,Ford,Explorer,2015,2025-09-17,2025-09,98137,75k-100k,Suspension,572.73,1,T-03,Northeast,N
692,V-0203,Ford,Explorer,2015,2025-10-03,2025-10,98268,75k-100k,Transmission,3409.39,10,T-19,Midwest,N
693,V-0203,Ford,Explorer,2015,2025-11-20,2025-11,99680,75k-100k,Suspension,148.61,2,T-03,Midwest,N
694,V-0203,Ford,Explorer,2015,2025-11-26,2025-11,99597,75k-100k,Suspension,637.62,1,T-13,Southeast,N
695,V-0204,Nissan,Sentra,2020,2025-10-22,2025-10,71103,50k-75k,Transmission,2530.08,6,T-05,Southeast,N
696,V-0205,Ford,Explorer,2015,2025-01-31,2025-01,143028,100k-150k,Suspension,827.02,2,T-13,Midwest,N
697,V-0205,Ford,Explorer,2015,2025-03-10,2025-03,144561,100k-150k,Transmission,1002.76,1,T-13,Northeast,N
698,V-0205,Ford,Explorer,2015,2025-10-10,2025-10,153708,150k+,Brakes,293.39,1,T-10,Midwest,N
699,V-0207,Toyota,Camry,2017,2025-01-30,2025-01,69944,50k-75k,Suspension,634.27,4,T-05,Midwest,N
700,V-0207,Toyota,Camry,2017,2025-12-17,2025-12,77212,75k-100k,Engine,1403.11,4,T-14,Northeast,N
701,V-0208,Nissan,Sentra,2022,2025-02-17,2025-02,46332,25k-50k,Suspension,929.0,1,T-07,Southeast,Y
702,V-0208,Nissan,Sentra,2022,2025-04-05,2025-04,48533,25k-50k,Suspension,470.2,1,T-06,West,N
703,V-0208,Nissan,Sentra,2022,2025-07-07,2025-07,52156,50k-75k,Cooling System,526.49,2,T-07,Northeast,Y
704,V-0208,Nissan,Sentra,2022,2025-09-25,2025-09,56186,50k-75k,HVAC,298.36,1,T-15,Southeast,Y
705,V-0209,Honda,CR-V,2017,2025-04-02,2025-04,95456,75k-100k,Suspension,302.45,1,T-01,Southeast,N
706,V-0209,Honda,CR-V,2017,2025-05-28,2025-05,97768,75k-100k,HVAC,718.14,2,T-14,West,N
707,V-0209,Honda,CR-V,2017,2025-10-25,2025-10,101645,100k-150k,Suspension,328.25,1,T-15,Midwest,N
708,V-0209,Honda,CR-V,2017,2025-11-27,2025-11,103130,100k-150k,Suspension,244.5,1,T-14,Southeast,N
709,V-0210,Chevrolet,Malibu,2016,2025-01-23,2025-01,115364,100k-150k,Engine,3024.71,9,T-15,Northeast,N
710,V-0210,Chevrolet,Malibu,2016,2025-10-05,2025-10,124469,100k-150k,HVAC,597.96,1,T-12,Southeast,N
711,V-0210,Chevrolet,Malibu,2016,2025-12-01,2025-12,126377,100k-150k,HVAC,388.17,2,T-19,Midwest,N
712,V-0210,Chevrolet,Malibu,2016,2025-12-15,2025-12,126296,100k-150k,Suspension,463.56,1,T-16,West,N
713,V-0211,Honda,CR-V,2019,2025-03-05,2025-03,75244,75k-100k,Cooling System,289.32,1,T-13,Northeast,N
714,V-0211,Honda,CR-V,2019,2025-08-07,2025-08,81433,75k-100k,Electrical,568.15,1,T-13,West,N
715,V-0211,Honda,CR-V,2019,2025-10-03,2025-10,84068,75k-100k,Transmission,2621.9,5,T-15,Northeast,N
716,V-0211,Honda,CR-V,2019,2025-10-06,2025-10,83465,75k-100k,Engine,796.81,3,T-05,Midwest,N
717,V-0211,Honda,CR-V,2019,2025-10-30,2025-10,84834,75k-100k,Transmission,975.37,2,T-14,Southwest,N
718,V-0211,Honda,CR-V,2019,2025-12-28,2025-12,86833,75k-100k,HVAC,281.47,1,T-19,West,N
719,V-0212,Toyota,Corolla,2023,2025-01-19,2025-01,14817,0-25k,Transmission,2302.54,4,T-17,Midwest,Y
720,V-0212,Toyota,Corolla,2023,2025-02-16,2025-02,15461,0-25k,Electrical,526.6,1,T-09,West,Y
721,V-0212,Toyota,Corolla,2023,2025-03-25,2025-03,16656,0-25k,Transmission,2639.39,7,T-17,Southwest,Y
722,V-0212,Toyota,Corolla,2023,2025-08-22,2025-08,20312,0-25k,Brakes,366.29,2,T-08,Midwest,N
723,V-0212,Toyota,Corolla,2023,2025-08-30,2025-08,20514,0-25k,Suspension,293.31,1,T-15,Southwest,Y
724,V-0213,Nissan,Rogue,2021,2025-02-26,2025-02,57422,50k-75k,Suspension,941.34,4,T-02,Midwest,N
725,V-0213,Nissan,Rogue,2021,2025-09-06,2025-09,64419,50k-75k,Cooling System,628.2,1,T-07,Southwest,N
726,V-0214,Toyota,RAV4,2021,2025-02-04,2025-02,58067,50k-75k,Brakes,626.03,2,T-02,West,N
727,V-0214,Toyota,RAV4,2021,2025-02-10,2025-02,58623,50k-75k,HVAC,179.33,1,T-13,Southeast,N
728,V-0214,Toyota,RAV4,2021,2025-02-16,2025-02,58902,50k-75k,Cooling System,419.72,1,T-14,Southwest,N
729,V-0214,Toyota,RAV4,2021,2025-03-05,2025-03,59092,50k-75k,Engine,1737.13,5,T-17,Midwest,N
730,V-0214,Toyota,RAV4,2021,2025-03-16,2025-03,60174,50k-75k,Engine,1734.23,4,T-20,West,N
731,V-0215,Honda,Civic,2023,2025-04-06,2025-04,22300,0-25k,Brakes,293.93,1,T-07,Southeast,Y
732,V-0216,Honda,CR-V,2018,2025-04-23,2025-04,57633,50k-75k,Brakes,227.49,2,T-06,Southwest,N
733,V-0216,Honda,CR-V,2018,2025-08-14,2025-08,60160,50k-75k,Engine,3188.82,9,T-04,Midwest,N
734,V-0216,Honda,CR-V,2018,2025-09-05,2025-09,60152,50k-75k,Engine,2488.01,6,T-09,Midwest,N
735,V-0216,Honda,CR-V,2018,2025-11-01,2025-11,61580,50k-75k,Engine,1083.8,3,T-03,West,N
736,V-0217,Honda,CR-V,2019,2025-09-26,2025-09,52876,50k-75k,Electrical,272.29,1,T-16,West,N
737,V-0217,Honda,CR-V,2019,2025-10-28,2025-10,53903,50k-75k,Brakes,176.66,1,T-14,Southwest,N
738,V-0217,Honda,CR-V,2019,2025-12-08,2025-12,54428,50k-75k,Electrical,373.79,1,T-05,Northeast,N
739,V-0218,Chevrolet,Silverado,2020,2025-07-28,2025-07,66533,50k-75k,Suspension,830.71,1,T-09,West,N
740,V-0218,Chevrolet,Silverado,2020,2025-10-07,2025-10,68989,50k-75k,Brakes,185.56,1,T-09,West,N
741,V-0218,Chevrolet,Silverado,2020,2025-11-16,2025-11,70494,50k-75k,Suspension,431.46,4,T-19,Southwest,N
742,V-0219,Ford,Explorer,2019,2025-01-02,2025-01,67975,50k-75k,HVAC,727.13,1,T-12,West,N
743,V-0219,Ford,Explorer,2019,2025-02-15,2025-02,68712,50k-75k,Electrical,235.98,1,T-07,Midwest,N
744,V-0220,Nissan,Altima,2021,2025-05-12,2025-05,51547,50k-75k,Cooling System,570.6,1,T-08,West,N
745,V-0220,Nissan,Altima,2021,2025-09-05,2025-09,55654,50k-75k,Brakes,455.41,1,T-01,Southeast,N
746,V-0221,Toyota,Camry,2019,2025-03-08,2025-03,81132,75k-100k,Engine,2240.66,2,T-04,Southwest,N
747,V-0222,Chevrolet,Malibu,2021,2025-07-16,2025-07,49452,25k-50k,Engine,2011.99,3,T-05,Northeast,N
748,V-0222,Chevrolet,Malibu,2021,2025-09-15,2025-09,51455,50k-75k,Engine,2259.51,5,T-13,Midwest,N
749,V-0223,Ford,Explorer,2019,2025-05-17,2025-05,91389,75k-100k,Suspension,788.53,2,T-04,Southeast,N
750,V-0223,Ford,Explorer,2019,2025-06-14,2025-06,92959,75k-100k,Suspension,588.18,2,T-05,Midwest,N
751,V-0224,Chevrolet,Equinox,2019,2025-02-13,2025-02,55266,50k-75k,Brakes,187.97,1,T-20,Southeast,N
752,V-0224,Chevrolet,Equinox,2019,2025-05-11,2025-05,57193,50k-75k,HVAC,440.08,1,T-03,Southeast,N
753,V-0224,Chevrolet,Equinox,2019,2025-06-08,2025-06,57374,50k-75k,Engine,2174.73,4,T-09,Midwest,N
754,V-0224,Chevrolet,Equinox,2019,2025-06-23,2025-06,57875,50k-75k,Suspension,378.43,1,T-13,Southeast,N
755,V-0225,Toyota,RAV4,2022,2025-01-26,2025-01,40642,25k-50k,Brakes,228.51,1,T-07,Southeast,N
756,V-0225,Toyota,RAV4,2022,2025-05-06,2025-05,44216,25k-50k,Brakes,240.97,3,T-02,Midwest,Y
757,V-0226,Toyota,Corolla,2019,2025-03-06,2025-03,89356,75k-100k,Electrical,389.7,1,T-16,Northeast,N
758,V-0226,Toyota,Corolla,2019,2025-07-07,2025-07,94116,75k-100k,Cooling System,632.16,1,T-04,Southeast,N
759,V-0226,Toyota,Corolla,2019,2025-09-13,2025-09,96914,75k-100k,HVAC,375.92,1,T-12,Northeast,N
760,V-0226,Toyota,Corolla,2019,2025-12-29,2025-12,101791,100k-150k,Cooling System,512.21,1,T-13,Northeast,N
761,V-0227,Honda,Civic,2015,2025-05-02,2025-05,96595,75k-100k,Engine,2974.48,6,T-11,Midwest,N
762,V-0227,Honda,Civic,2015,2025-12-02,2025-12,102669,100k-150k,Electrical,685.32,1,T-16,Southeast,N
763,V-0228,Honda,Civic,2019,2025-09-28,2025-09,52879,50k-75k,Electrical,812.21,3,T-12,West,N
764,V-0228,Honda,Civic,2019,2025-11-16,2025-11,54040,50k-75k,Brakes,634.68,2,T-18,Northeast,N
765,V-0229,Nissan,Sentra,2022,2025-08-08,2025-08,36872,25k-50k,Electrical,589.41,2,T-19,West,N
766,V-0229,Nissan,Sentra,2022,2025-09-15,2025-09,38063,25k-50k,HVAC,725.76,3,T-12,Southwest,N
767,V-0229,Nissan,Sentra,2022,2025-09-24,2025-09,37976,25k-50k,Brakes,251.84,2,T-17,Northeast,N
768,V-0230,Nissan,Rogue,2023,2025-06-10,2025-06,33062,25k-50k,Suspension,408.95,1,T-16,Southwest,Y
769,V-0231,Nissan,Altima,2018,2025-09-20,2025-09,104575,100k-150k,Suspension,251.47,1,T-17,West,N
770,V-0231,Nissan,Altima,2018,2025-09-26,2025-09,104813,100k-150k,Engine,2137.05,3,T-07,West,N
771,V-0231,Nissan,Altima,2018,2025-10-21,2025-10,106011,100k-150k,Engine,2047.06,4,T-13,Southwest,N
772,V-0232,Ford,F-150,2023,2025-01-09,2025-01,29667,25k-50k,Transmission,1643.06,2,T-03,Northeast,Y
773,V-0232,Ford,F-150,2023,2025-07-09,2025-07,36779,25k-50k,Electrical,305.98,1,T-06,Midwest,Y
774,V-0232,Ford,F-150,2023,2025-09-05,2025-09,39474,25k-50k,Electrical,432.62,1,T-01,Northeast,N
775,V-0232,Ford,F-150,2023,2025-11-18,2025-11,42340,25k-50k,Transmission,3322.31,8,T-04,Northeast,N
776,V-0232,Ford,F-150,2023,2025-12-09,2025-12,43290,25k-50k,Suspension,930.51,2,T-19,Southeast,N
777,V-0233,Nissan,Rogue,2016,2025-03-25,2025-03,116535,100k-150k,Engine,1194.95,2,T-17,Northeast,N
778,V-0233,Nissan,Rogue,2016,2025-06-06,2025-06,118882,100k-150k,Cooling System,648.8,1,T-14,Midwest,N
779,V-0233,Nissan,Rogue,2016,2025-07-14,2025-07,120253,100k-150k,Engine,2156.71,5,T-16,West,N
780,V-0233,Nissan,Rogue,2016,2025-08-21,2025-08,121059,100k-150k,Engine,1624.05,3,T-11,Midwest,N
781,V-0234,Toyota,Camry,2022,2025-05-03,2025-05,31064,25k-50k,Electrical,410.61,1,T-12,Northeast,Y
782,V-0234,Toyota,Camry,2022,2025-09-21,2025-09,34590,25k-50k,Brakes,476.02,1,T-05,Midwest,Y
783,V-0234,Toyota,Camry,2022,2025-10-30,2025-10,35367,25k-50k,Engine,2285.46,4,T-08,Northeast,Y
784,V-0234,Toyota,Camry,2022,2025-12-15,2025-12,36576,25k-50k,Engine,1291.93,2,T-01,Southwest,Y
785,V-0235,Toyota,Camry,2018,2025-10-20,2025-10,105624,100k-150k,Electrical,847.97,1,T-11,Southwest,N
786,V-0236,Toyota,Corolla,2017,2025-08-07,2025-08,124627,100k-150k,Electrical,810.21,1,T-14,Midwest,N
787,V-0236,Toyota,Corolla,2017,2025-10-13,2025-10,127264,100k-150k,Suspension,371.33,1,T-06,Southeast,N
788,V-0237,Chevrolet,Equinox,2022,2025-04-16,2025-04,41188,25k-50k,Electrical,483.42,1,T-11,Southwest,N
789,V-0237,Chevrolet,Equinox,2022,2025-06-05,2025-06,42994,25k-50k,Electrical,267.42,2,T-08,Northeast,N
790,V-0237,Chevrolet,Equinox,2022,2025-06-14,2025-06,43293,25k-50k,Electrical,183.3,1,T-20,Southwest,N
791,V-0237,Chevrolet,Equinox,2022,2025-07-08,2025-07,44562,25k-50k,Electrical,72.41,1,T-19,Southeast,Y
792,V-0238,Ford,Explorer,2017,2025-06-09,2025-06,127950,100k-150k,HVAC,205.96,1,T-03,Northeast,N
793,V-0238,Ford,Explorer,2017,2025-09-09,2025-09,130879,100k-150k,Suspension,392.86,1,T-08,West,N
794,V-0238,Ford,Explorer,2017,2025-09-16,2025-09,131539,100k-150k,Suspension,355.73,2,T-15,Southwest,N
795,V-0239,Honda,CR-V,2019,2025-02-08,2025-02,57035,50k-75k,Transmission,1670.61,3,T-10,Northeast,N
796,V-0239,Honda,CR-V,2019,2025-03-12,2025-03,57955,50k-75k,Brakes,496.39,1,T-05,Southeast,N
797,V-0239,Honda,CR-V,2019,2025-03-30,2025-03,58042,50k-75k,Cooling System,430.98,2,T-16,West,N
798,V-0239,Honda,CR-V,2019,2025-08-01,2025-08,61338,50k-75k,Transmission,1158.73,4,T-04,Northeast,N
799,V-0239,Honda,CR-V,2019,2025-12-31,2025-12,64913,50k-75k,Suspension,562.63,1,T-05,Northeast,N
800,V-0240,Honda,Civic,2018,2025-07-09,2025-07,105328,100k-150k,Brakes,431.9,1,T-04,West,N
801,V-0240,Honda,Civic,2018,2025-11-09,2025-11,109285,100k-150k,Engine,2244.17,6,T-03,West,N
802,V-0240,Honda,Civic,2018,2025-12-19,2025-12,110449,100k-150k,Engine,766.13,1,T-03,Northeast,N
803,V-0241,Chevrolet,Equinox,2023,2025-03-03,2025-03,20986,0-25k,Engine,2618.77,6,T-13,Southeast,Y
804,V-0241,Chevrolet,Equinox,2023,2025-04-08,2025-04,22339,0-25k,Brakes,631.01,1,T-07,Southwest,Y
805,V-0241,Chevrolet,Equinox,2023,2025-05-27,2025-05,23542,0-25k,Transmission,3169.15,9,T-18,Northeast,N
806,V-0241,Chevrolet,Equinox,2023,2025-06-08,2025-06,24219,0-25k,Brakes,180.32,1,T-11,Southeast,Y
807,V-0241,Chevrolet,Equinox,2023,2025-06-08,2025-06,24145,0-25k,Brakes,233.0,1,T-02,Midwest,N
808,V-0241,Chevrolet,Equinox,2023,2025-11-28,2025-11,29145,25k-50k,Suspension,526.32,1,T-20,Southeast,Y
809,V-0242,Nissan,Rogue,2021,2025-01-19,2025-01,30622,25k-50k,Electrical,580.68,1,T-12,Southwest,N
810,V-0242,Nissan,Rogue,2021,2025-06-13,2025-06,33902,25k-50k,Cooling System,318.44,1,T-12,Southeast,N
811,V-0242,Nissan,Rogue,2021,2025-06-15,2025-06,33877,25k-50k,Transmission,2164.53,3,T-05,Southeast,N
812,V-0242,Nissan,Rogue,2021,2025-10-28,2025-10,36998,25k-50k,Suspension,911.66,2,T-05,Midwest,N
813,V-0242,Nissan,Rogue,2021,2025-11-10,2025-11,38008,25k-50k,Transmission,1846.91,3,T-17,Northeast,N
814,V-0242,Nissan,Rogue,2021,2025-11-26,2025-11,37915,25k-50k,Transmission,1503.09,3,T-20,Southeast,N
815,V-0243,Toyota,Camry,2020,2025-03-28,2025-03,42902,25k-50k,Electrical,172.04,1,T-09,Southwest,N
816,V-0243,Toyota,Camry,2020,2025-06-01,2025-06,44279,25k-50k,Suspension,377.86,1,T-10,Southwest,N
817,V-0244,Honda,Accord,2022,2025-05-27,2025-05,30882,25k-50k,Engine,1727.88,4,T-07,Northeast,N
818,V-0244,Honda,Accord,2022,2025-05-28,2025-05,31164,25k-50k,HVAC,435.77,1,T-11,West,Y
819,V-0245,Nissan,Altima,2020,2025-04-04,2025-04,49524,25k-50k,Engine,2227.22,6,T-16,Midwest,N
820,V-0245,Nissan,Altima,2020,2025-08-12,2025-08,53552,50k-75k,Brakes,311.04,1,T-19,Midwest,N
821,V-0245,Nissan,Altima,2020,2025-11-03,2025-11,56318,50k-75k,HVAC,399.17,1,T-03,Northeast,N
822,V-0245,Nissan,Altima,2020,2025-11-21,2025-11,56978,50k-75k,HVAC,433.54,1,T-11,Midwest,N
823,V-0246,Nissan,Rogue,2019,2025-10-20,2025-10,60371,50k-75k,Engine,1066.37,4,T-12,West,N
824,V-0246,Nissan,Rogue,2019,2025-11-12,2025-11,61342,50k-75k,Engine,552.23,1,T-08,Southwest,N
825,V-0247,Ford,Escape,2017,2025-06-04,2025-06,80611,75k-100k,Cooling System,205.42,1,T-03,Southeast,N
826,V-0248,Honda,Civic,2018,2025-04-17,2025-04,90541,75k-100k,Suspension,385.07,1,T-09,Southeast,N
827,V-0248,Honda,Civic,2018,2025-06-15,2025-06,92916,75k-100k,Brakes,587.45,1,T-14,Northeast,N
828,V-0248,Honda,Civic,2018,2025-09-07,2025-09,96215,75k-100k,Suspension,589.53,1,T-11,West,N
829,V-0248,Honda,Civic,2018,2025-11-21,2025-11,98829,75k-100k,Engine,2190.6,5,T-16,Northeast,N
830,V-0248,Honda,Civic,2018,2025-12-25,2025-12,100112,100k-150k,Electrical,247.31,1,T-16,Northeast,N
831,V-0250,Ford,Escape,2019,2025-01-03,2025-01,87901,75k-100k,Engine,893.88,2,T-07,West,N
832,V-0250,Ford,Escape,2019,2025-02-26,2025-02,90308,75k-100k,Engine,2853.11,4,T-02,West,N
833,V-0250,Ford,Escape,2019,2025-11-19,2025-11,100318,100k-150k,Brakes,563.21,2,T-08,West,N
834,V-0250,Ford,Escape,2019,2025-12-09,2025-12,101516,100k-150k,Engine,700.79,2,T-19,Southeast,N
835,V-0252,Nissan,Sentra,2022,2025-01-02,2025-01,35458,25k-50k,Electrical,149.28,1,T-07,Southeast,Y
836,V-0252,Nissan,Sentra,2022,2025-07-22,2025-07,42653,25k-50k,Engine,2608.47,5,T-07,Northeast,N
837,V-0253,Chevrolet,Malibu,2017,2025-07-07,2025-07,110815,100k-150k,Transmission,1849.12,5,T-17,Southwest,N
838,V-0253,Chevrolet,Malibu,2017,2025-08-24,2025-08,112545,100k-150k,Electrical,193.32,1,T-07,West,N
839,V-0254,Ford,Escape,2022,2025-01-30,2025-01,36571,25k-50k,Electrical,818.67,3,T-01,Midwest,N
840,V-0254,Ford,Escape,2022,2025-03-25,2025-03,38570,25k-50k,HVAC,377.32,1,T-06,Southwest,Y
841,V-0254,Ford,Escape,2022,2025-08-01,2025-08,43130,25k-50k,Cooling System,316.48,1,T-01,Midwest,Y
842,V-0254,Ford,Escape,2022,2025-12-13,2025-12,48476,25k-50k,Transmission,3430.71,10,T-16,Southwest,Y
843,V-0254,Ford,Escape,2022,2025-12-30,2025-12,48532,25k-50k,Brakes,316.41,1,T-13,Midwest,Y
844,V-0255,Chevrolet,Malibu,2017,2025-01-27,2025-01,78975,75k-100k,HVAC,664.34,1,T-20,West,N
845,V-0255,Chevrolet,Malibu,2017,2025-02-07,2025-02,78608,75k-100k,HVAC,163.59,1,T-10,Southwest,N
846,V-0255,Chevrolet,Malibu,2017,2025-03-25,2025-03,80457,75k-100k,Cooling System,456.87,2,T-12,Midwest,N
847,V-0255,Chevrolet,Malibu,2017,2025-08-27,2025-08,84298,75k-100k,Brakes,327.58,1,T-15,Midwest,N
848,V-0255,Chevrolet,Malibu,2017,2025-12-31,2025-12,87292,75k-100k,Cooling System,327.12,2,T-06,Southeast,N
849,V-0256,Toyota,Camry,2023,2025-04-12,2025-04,18370,0-25k,Engine,2834.08,3,T-10,Midwest,Y
850,V-0256,Toyota,Camry,2023,2025-11-02,2025-11,23759,0-25k,Engine,1794.03,5,T-06,Northeast,Y
851,V-0256,Toyota,Camry,2023,2025-11-06,2025-11,24127,0-25k,Brakes,402.99,1,T-16,West,Y
852,V-0257,Toyota,Camry,2021,2025-03-03,2025-03,48029,25k-50k,Electrical,365.68,2,T-11,Southwest,N
853,V-0257,Toyota,Camry,2021,2025-04-27,2025-04,49919,25k-50k,Suspension,672.34,1,T-06,Southeast,N
854,V-0257,Toyota,Camry,2021,2025-05-29,2025-05,51145,50k-75k,Electrical,542.04,1,T-13,Midwest,N
855,V-0257,Toyota,Camry,2021,2025-10-23,2025-10,56224,50k-75k,Engine,3082.32,7,T-17,Midwest,N
856,V-0257,Toyota,Camry,2021,2025-10-29,2025-10,56328,50k-75k,Brakes,275.46,1,T-06,West,N
857,V-0257,Toyota,Camry,2021,2025-11-05,2025-11,56520,50k-75k,Engine,641.31,1,T-02,Southeast,N
858,V-0258,Toyota,Corolla,2017,2025-03-31,2025-03,108466,100k-150k,Electrical,769.34,2,T-09,West,N
859,V-0258,Toyota,Corolla,2017,2025-04-30,2025-04,109483,100k-150k,Suspension,525.95,2,T-16,Southeast,N
860,V-0258,Toyota,Corolla,2017,2025-12-05,2025-12,116852,100k-150k,Engine,1180.29,2,T-01,Midwest,N
861,V-0259,Ford,F-150,2017,2025-05-31,2025-05,122017,100k-150k,Cooling System,488.94,1,T-04,Southwest,N
862,V-0259,Ford,F-150,2017,2025-07-16,2025-07,123565,100k-150k,Cooling System,519.59,3,T-12,Southwest,N
863,V-0260,Ford,F-150,2023,2025-10-05,2025-10,39660,25k-50k,Engine,3102.93,10,T-12,Midwest,Y
864,V-0260,Ford,F-150,2023,2025-11-09,2025-11,40954,25k-50k,Engine,1267.28,2,T-06,Southwest,Y
865,V-0261,Honda,Civic,2017,2025-11-25,2025-11,128498,100k-150k,Transmission,3453.8,7,T-19,Northeast,N
866,V-0262,Nissan,Sentra,2023,2025-03-24,2025-03,32414,25k-50k,Brakes,536.97,1,T-15,Southwest,N
867,V-0262,Nissan,Sentra,2023,2025-05-29,2025-05,35118,25k-50k,HVAC,633.84,2,T-02,Southwest,Y
868,V-0262,Nissan,Sentra,2023,2025-07-21,2025-07,37289,25k-50k,Electrical,484.49,2,T-04,West,Y
869,V-0262,Nissan,Sentra,2023,2025-09-19,2025-09,40208,25k-50k,Electrical,474.25,1,T-13,Southwest,N
870,V-0263,Chevrolet,Silverado,2016,2025-03-15,2025-03,99990,75k-100k,Brakes,445.54,3,T-07,West,N
871,V-0263,Chevrolet,Silverado,2016,2025-10-01,2025-10,105854,100k-150k,Brakes,446.0,1,T-03,Northeast,N
872,V-0263,Chevrolet,Silverado,2016,2025-12-29,2025-12,108415,100k-150k,Transmission,2043.62,6,T-20,Northeast,N
873,V-0264,Toyota,Corolla,2017,2025-02-05,2025-02,73942,50k-75k,Brakes,474.6,1,T-02,Northeast,N
874,V-0264,Toyota,Corolla,2017,2025-03-01,2025-03,74876,50k-75k,HVAC,323.46,2,T-20,Northeast,N
875,V-0264,Toyota,Corolla,2017,2025-12-04,2025-12,82317,75k-100k,Engine,1681.81,5,T-17,Southwest,N
876,V-0265,Chevrolet,Malibu,2022,2025-06-20,2025-06,25822,25k-50k,Transmission,1278.51,5,T-13,Midwest,Y
877,V-0265,Chevrolet,Malibu,2022,2025-07-03,2025-07,26382,25k-50k,Brakes,287.44,1,T-05,Southeast,N
878,V-0265,Chevrolet,Malibu,2022,2025-09-25,2025-09,28601,25k-50k,HVAC,569.06,2,T-12,Midwest,N
879,V-0265,Chevrolet,Malibu,2022,2025-10-08,2025-10,28996,25k-50k,HVAC,185.23,1,T-20,West,N
880,V-0265,Chevrolet,Malibu,2022,2025-10-26,2025-10,29087,25k-50k,Brakes,388.62,2,T-15,Southeast,Y
881,V-0266,Chevrolet,Equinox,2018,2025-04-29,2025-04,53155,50k-75k,Brakes,432.9,1,T-10,Southwest,N
882,V-0266,Chevrolet,Equinox,2018,2025-05-01,2025-05,53542,50k-75k,HVAC,307.75,3,T-19,West,N
883,V-0266,Chevrolet,Equinox,2018,2025-05-24,2025-05,53869,50k-75k,HVAC,297.56,1,T-09,Southwest,N
884,V-0266,Chevrolet,Equinox,2018,2025-06-11,2025-06,54772,50k-75k,Suspension,695.34,1,T-05,Southeast,N
885,V-0267,Chevrolet,Silverado,2022,2025-03-06,2025-03,43539,25k-50k,Transmission,1733.52,2,T-11,West,Y
886,V-0267,Chevrolet,Silverado,2022,2025-07-25,2025-07,48528,25k-50k,Transmission,2106.2,4,T-11,West,Y
887,V-0267,Chevrolet,Silverado,2022,2025-07-28,2025-07,48928,25k-50k,Engine,2507.33,5,T-06,Southeast,Y
888,V-0267,Chevrolet,Silverado,2022,2025-08-10,2025-08,49470,25k-50k,Transmission,1251.61,2,T-12,Southwest,Y
889,V-0268,Nissan,Altima,2016,2025-09-04,2025-09,141658,100k-150k,Suspension,505.83,1,T-01,Southeast,N
890,V-0268,Nissan,Altima,2016,2025-10-31,2025-10,144337,100k-150k,Transmission,2813.55,9,T-16,Southwest,N
891,V-0268,Nissan,Altima,2016,2025-11-04,2025-11,144320,100k-150k,Suspension,230.26,2,T-18,West,N
892,V-0268,Nissan,Altima,2016,2025-12-07,2025-12,145620,100k-150k,Brakes,403.45,1,T-18,Southwest,N
893,V-0269,Honda,Civic,2021,2025-02-10,2025-02,37966,25k-50k,Engine,1398.39,1,T-19,Southeast,N
894,V-0269,Honda,Civic,2021,2025-05-10,2025-05,40079,25k-50k,Brakes,421.53,1,T-20,West,N
895,V-0269,Honda,Civic,2021,2025-07-08,2025-07,42086,25k-50k,Suspension,911.58,3,T-11,Southwest,N
896,V-0269,Honda,Civic,2021,2025-08-10,2025-08,42553,25k-50k,Suspension,782.18,3,T-19,West,N
897,V-0269,Honda,Civic,2021,2025-10-25,2025-10,44824,25k-50k,Suspension,553.72,1,T-09,West,N
898,V-0269,Honda,Civic,2021,2025-11-07,2025-11,44776,25k-50k,Brakes,589.71,1,T-18,Southwest,N
899,V-0269,Honda,Civic,2021,2025-12-23,2025-12,46293,25k-50k,Suspension,328.83,1,T-11,Midwest,N
900,V-0269,Honda,Civic,2021,2025-12-30,2025-12,46409,25k-50k,Engine,2825.71,8,T-10,Southeast,N
901,V-0270,Toyota,Camry,2022,2025-03-10,2025-03,41099,25k-50k,Electrical,401.53,1,T-16,Southwest,N
902,V-0270,Toyota,Camry,2022,2025-08-23,2025-08,46380,25k-50k,Engine,856.43,1,T-20,Northeast,Y
903,V-0270,Toyota,Camry,2022,2025-10-16,2025-10,48261,25k-50k,Engine,650.25,2,T-07,Southwest,N
904,V-0271,Honda,Civic,2023,2025-04-16,2025-04,20500,0-25k,Engine,2257.13,6,T-18,Southeast,Y
905,V-0271,Honda,Civic,2023,2025-08-25,2025-08,22882,0-25k,HVAC,237.5,1,T-19,Midwest,Y
906,V-0272,Ford,Escape,2018,2025-03-08,2025-03,69049,50k-75k,Transmission,3338.03,8,T-14,Southeast,N
907,V-0272,Ford,Escape,2018,2025-10-19,2025-10,74152,50k-75k,Cooling System,522.21,1,T-15,West,N
908,V-0273,Toyota,RAV4,2018,2025-02-19,2025-02,86090,75k-100k,Transmission,2761.86,5,T-19,Southwest,N
909,V-0273,Toyota,RAV4,2018,2025-05-01,2025-05,88952,75k-100k,HVAC,164.22,1,T-09,Northeast,N
910,V-0273,Toyota,RAV4,2018,2025-11-29,2025-11,95862,75k-100k,Engine,2145.15,5,T-08,Southeast,N
911,V-0273,Toyota,RAV4,2018,2025-12-04,2025-12,95698,75k-100k,Transmission,1038.22,4,T-05,Southwest,N
912,V-0273,Toyota,RAV4,2018,2025-12-11,2025-12,96153,75k-100k,Suspension,726.41,1,T-05,Southeast,N
913,V-0274,Toyota,Camry,2021,2025-02-28,2025-02,34968,25k-50k,Cooling System,342.66,1,T-05,Northeast,N
914,V-0274,Toyota,Camry,2021,2025-03-23,2025-03,35636,25k-50k,Cooling System,270.71,1,T-20,West,N
915,V-0274,Toyota,Camry,2021,2025-04-10,2025-04,35907,25k-50k,Suspension,538.47,1,T-04,Northeast,N
916,V-0275,Toyota,Camry,2018,2025-01-06,2025-01,96084,75k-100k,Suspension,907.96,1,T-05,Southwest,N
917,V-0276,Toyota,Camry,2015,2025-08-17,2025-08,121086,100k-150k,Brakes,550.91,1,T-15,Southwest,N
918,V-0276,Toyota,Camry,2015,2025-10-03,2025-10,122638,100k-150k,Engine,2672.86,6,T-15,West,N
919,V-0276,Toyota,Camry,2015,2025-10-05,2025-10,122584,100k-150k,Brakes,272.68,1,T-08,Midwest,N
920,V-0276,Toyota,Camry,2015,2025-10-09,2025-10,122959,100k-150k,HVAC,225.2,1,T-03,Southwest,N
921,V-0276,Toyota,Camry,2015,2025-11-02,2025-11,123749,100k-150k,Suspension,301.29,1,T-01,Southwest,N
922,V-0276,Toyota,Camry,2015,2025-11-13,2025-11,123861,100k-150k,Suspension,193.36,1,T-10,Midwest,N
923,V-0277,Nissan,Rogue,2022,2025-06-10,2025-06,34140,25k-50k,Engine,2281.43,4,T-13,Southwest,Y
924,V-0277,Nissan,Rogue,2022,2025-09-08,2025-09,36420,25k-50k,Suspension,824.05,3,T-10,Southwest,Y
925,V-0278,Toyota,Corolla,2019,2025-10-01,2025-10,74997,50k-75k,Cooling System,218.96,1,T-04,Southwest,N
926,V-0278,Toyota,Corolla,2019,2025-10-24,2025-10,75844,75k-100k,Transmission,2097.98,4,T-01,Midwest,N
927,V-0279,Ford,Explorer,2021,2025-06-13,2025-06,56637,50k-75k,Engine,3056.98,6,T-14,Midwest,N
928,V-0279,Ford,Explorer,2021,2025-07-02,2025-07,57432,50k-75k,Brakes,595.39,3,T-19,Southwest,N
929,V-0279,Ford,Explorer,2021,2025-10-15,2025-10,60604,50k-75k,Engine,1104.67,1,T-07,Midwest,N
930,V-0280,Chevrolet,Silverado,2016,2025-05-13,2025-05,102099,100k-150k,HVAC,376.7,1,T-05,Midwest,N
931,V-0280,Chevrolet,Silverado,2016,2025-06-30,2025-06,103651,100k-150k,Brakes,422.52,2,T-16,Southeast,N
932,V-0280,Chevrolet,Silverado,2016,2025-11-13,2025-11,107747,100k-150k,Transmission,1208.95,2,T-02,Northeast,N
933,V-0280,Chevrolet,Silverado,2016,2025-12-19,2025-12,108950,100k-150k,Transmission,1096.98,2,T-01,Southwest,N
934,V-0281,Nissan,Altima,2015,2025-03-25,2025-03,140356,100k-150k,Engine,870.87,1,T-12,Northeast,N
935,V-0281,Nissan,Altima,2015,2025-05-22,2025-05,142686,100k-150k,Engine,1407.2,3,T-19,Northeast,N
936,V-0281,Nissan,Altima,2015,2025-05-24,2025-05,142758,100k-150k,HVAC,584.14,1,T-01,Southwest,N
937,V-0281,Nissan,Altima,2015,2025-08-13,2025-08,145691,100k-150k,Suspension,329.13,1,T-17,West,N
938,V-0282,Ford,Escape,2023,2025-01-12,2025-01,18991,0-25k,Electrical,564.35,1,T-07,Southwest,Y
939,V-0282,Ford,Escape,2023,2025-02-13,2025-02,19390,0-25k,Electrical,225.14,1,T-03,Midwest,N
940,V-0282,Ford,Escape,2023,2025-03-28,2025-03,20806,0-25k,Transmission,2752.49,7,T-05,Southeast,Y
941,V-0282,Ford,Escape,2023,2025-04-28,2025-04,21421,0-25k,Transmission,1134.27,2,T-07,Southwest,Y
942,V-0282,Ford,Escape,2023,2025-05-16,2025-05,22018,0-25k,Brakes,258.92,1,T-04,Southeast,N
943,V-0282,Ford,Escape,2023,2025-06-12,2025-06,22895,0-25k,Electrical,634.43,2,T-04,Southeast,N
944,V-0282,Ford,Escape,2023,2025-08-11,2025-08,24076,0-25k,HVAC,688.17,2,T-11,Northeast,Y
945,V-0283,Chevrolet,Equinox,2016,2025-02-27,2025-02,107143,100k-150k,Cooling System,222.42,1,T-07,Southwest,N
946,V-0284,Honda,CR-V,2017,2025-05-25,2025-05,70772,50k-75k,Suspension,337.86,1,T-01,Northeast,N
947,V-0284,Honda,CR-V,2017,2025-11-01,2025-11,75334,75k-100k,HVAC,384.27,2,T-15,West,N
948,V-0285,Nissan,Rogue,2023,2025-07-25,2025-07,35250,25k-50k,Transmission,1845.87,6,T-20,West,Y
949,V-0285,Nissan,Rogue,2023,2025-09-03,2025-09,36699,25k-50k,Transmission,1466.08,3,T-09,Midwest,Y
950,V-0285,Nissan,Rogue,2023,2025-12-02,2025-12,40716,25k-50k,Brakes,484.29,1,T-04,Midwest,Y
951,V-0286,Honda,Accord,2022,2025-05-25,2025-05,48743,25k-50k,Brakes,350.03,1,T-11,Northeast,Y
952,V-0286,Honda,Accord,2022,2025-07-08,2025-07,50639,50k-75k,Brakes,240.73,1,T-09,Midwest,N
953,V-0286,Honda,Accord,2022,2025-08-21,2025-08,51640,50k-75k,Brakes,296.98,2,T-05,Midwest,N
954,V-0287,Chevrolet,Equinox,2018,2025-05-15,2025-05,90380,75k-100k,HVAC,596.75,1,T-19,Southwest,N
955,V-0287,Chevrolet,Equinox,2018,2025-10-18,2025-10,95853,75k-100k,Brakes,191.54,1,T-03,Midwest,N
956,V-0288,Chevrolet,Silverado,2019,2025-01-08,2025-01,83144,75k-100k,Suspension,537.09,1,T-01,Southeast,N
957,V-0289,Ford,F-150,2022,2025-07-12,2025-07,54820,50k-75k,Engine,2011.59,6,T-03,West,N
958,V-0289,Ford,F-150,2022,2025-09-06,2025-09,57727,50k-75k,Engine,2404.94,7,T-11,West,Y
959,V-0290,Nissan,Rogue,2019,2025-05-13,2025-05,50808,50k-75k,Suspension,556.93,4,T-16,Midwest,N
960,V-0291,Ford,Explorer,2019,2025-03-20,2025-03,55224,50k-75k,Suspension,391.34,1,T-04,Southwest,N
961,V-0291,Ford,Explorer,2019,2025-05-31,2025-05,57303,50k-75k,Suspension,417.31,1,T-08,Southeast,N
962,V-0292,Nissan,Sentra,2022,2025-02-16,2025-02,44897,25k-50k,Engine,2174.47,6,T-09,Midwest,Y
963,V-0292,Nissan,Sentra,2022,2025-04-28,2025-04,47423,25k-50k,Electrical,828.71,5,T-17,Southwest,Y
964,V-0292,Nissan,Sentra,2022,2025-07-11,2025-07,50630,50k-75k,Electrical,159.4,1,T-01,Midwest,Y
965,V-0292,Nissan,Sentra,2022,2025-12-06,2025-12,55644,50k-75k,Brakes,157.22,1,T-20,Midwest,Y
966,V-0293,Chevrolet,Equinox,2020,2025-03-17,2025-03,54023,50k-75k,Suspension,236.08,1,T-04,Southeast,N
967,V-0293,Chevrolet,Equinox,2020,2025-04-04,2025-04,54678,50k-75k,Suspension,401.93,1,T-19,Midwest,N
968,V-0293,Chevrolet,Equinox,2020,2025-05-20,2025-05,55663,50k-75k,Suspension,949.54,2,T-18,Northeast,N
969,V-0293,Chevrolet,Equinox,2020,2025-07-05,2025-07,57347,50k-75k,Cooling System,292.36,1,T-15,Southwest,N
970,V-0293,Chevrolet,Equinox,2020,2025-11-02,2025-11,60707,50k-75k,Suspension,543.42,2,T-14,Midwest,N
971,V-0293,Chevrolet,Equinox,2020,2025-12-06,2025-12,61376,50k-75k,Engine,2517.53,7,T-03,Northeast,N
972,V-0294,Ford,Escape,2018,2025-03-28,2025-03,79883,75k-100k,Electrical,529.29,2,T-02,Northeast,N
973,V-0294,Ford,Escape,2018,2025-04-01,2025-04,80511,75k-100k,Engine,745.58,2,T-16,Midwest,N
974,V-0294,Ford,Escape,2018,2025-06-02,2025-06,82244,75k-100k,Engine,1724.3,1,T-06,Northeast,N
975,V-0294,Ford,Escape,2018,2025-06-05,2025-06,82248,75k-100k,Electrical,234.49,1,T-14,West,N
976,V-0294,Ford,Escape,2018,2025-08-17,2025-08,84813,75k-100k,Engine,1831.27,6,T-11,Southeast,N
977,V-0294,Ford,Escape,2018,2025-10-19,2025-10,85952,75k-100k,Suspension,819.1,1,T-18,Northeast,N
978,V-0294,Ford,Escape,2018,2025-12-26,2025-12,88465,75k-100k,Cooling System,329.84,2,T-11,Southwest,N
979,V-0295,Ford,Explorer,2019,2025-01-25,2025-01,62536,50k-75k,Electrical,577.16,2,T-14,West,N
980,V-0295,Ford,Explorer,2019,2025-10-09,2025-10,70745,50k-75k,Cooling System,581.6,1,T-12,Southwest,N
981,V-0295,Ford,Explorer,2019,2025-12-14,2025-12,73127,50k-75k,Cooling System,377.55,1,T-11,Midwest,N
982,V-0296,Honda,Accord,2018,2025-01-21,2025-01,68605,50k-75k,Electrical,759.59,1,T-07,Southeast,N
983,V-0296,Honda,Accord,2018,2025-03-03,2025-03,69729,50k-75k,HVAC,671.43,1,T-02,Midwest,N
984,V-0296,Honda,Accord,2018,2025-05-01,2025-05,71238,50k-75k,HVAC,500.77,1,T-19,Midwest,N
985,V-0296,Honda,Accord,2018,2025-07-01,2025-07,73245,50k-75k,Brakes,427.51,1,T-12,Northeast,N
986,V-0296,Honda,Accord,2018,2025-10-18,2025-10,76601,75k-100k,Cooling System,214.19,1,T-04,West,N
987,V-0297,Honda,Civic,2017,2025-03-03,2025-03,100786,100k-150k,HVAC,355.88,2,T-17,Midwest,N
988,V-0297,Honda,Civic,2017,2025-12-03,2025-12,110186,100k-150k,Engine,2280.57,9,T-20,Northeast,N
989,V-0298,Toyota,RAV4,2021,2025-01-17,2025-01,34500,25k-50k,Brakes,416.81,1,T-18,Southwest,N
990,V-0298,Toyota,RAV4,2021,2025-06-12,2025-06,38518,25k-50k,Brakes,250.91,2,T-07,Southwest,N
991,V-0298,Toyota,RAV4,2021,2025-06-16,2025-06,38622,25k-50k,Engine,1864.02,4,T-19,Southwest,N
992,V-0298,Toyota,RAV4,2021,2025-06-30,2025-06,39466,25k-50k,Electrical,726.47,1,T-14,West,N
993,V-0298,Toyota,RAV4,2021,2025-07-24,2025-07,40472,25k-50k,Engine,2204.46,5,T-17,West,N
994,V-0298,Toyota,RAV4,2021,2025-08-28,2025-08,41099,25k-50k,Electrical,594.5,2,T-13,West,N
995,V-0298,Toyota,RAV4,2021,2025-10-31,2025-10,42618,25k-50k,Engine,2315.03,3,T-20,West,N
996,V-0299,Ford,Explorer,2020,2025-03-20,2025-03,70663,50k-75k,Brakes,346.1,1,T-16,Midwest,N
997,V-0299,Ford,Explorer,2020,2025-04-19,2025-04,71495,50k-75k,HVAC,215.79,1,T-16,Midwest,N
998,V-0299,Ford,Explorer,2020,2025-05-02,2025-05,71875,50k-75k,Brakes,170.02,1,T-01,Midwest,N
999,V-0299,Ford,Explorer,2020,2025-08-14,2025-08,75910,75k-100k,Brakes,443.82,1,T-10,Midwest,N
1000,V-0300,Ford,F-150,2023,2025-01-09,2025-01,18785,0-25k,HVAC,504.13,1,T-18,West,Y
1001,V-0300,Ford,F-150,2023,2025-03-24,2025-03,20450,0-25k,Electrical,893.42,2,T-12,Northeast,Y
1002,V-0300,Ford,F-150,2023,2025-04-14,2025-04,21309,0-25k,HVAC,540.31,2,T-09,Southwest,Y
1003,V-0300,Ford,F-150,2023,2025-04-25,2025-04,21109,0-25k,Cooling System,568.46,1,T-02,West,Y
1004,V-0300,Ford,F-150,2023,2025-08-21,2025-08,24045,0-25k,Brakes,552.14,1,T-02,West,Y
1005,V-0300,Ford,F-150,2023,2025-11-10,2025-11,26609,25k-50k,HVAC,198.09,1,T-06,Northeast,Y
1006,V-0300,Ford,F-150,2023,2025-11-18,2025-11,26765,25k-50k,Suspension,776.55,1,T-13,Southeast,Y
1007,V-0300,Ford,F-150,2023,2025-11-19,2025-11,26941,25k-50k,Brakes,491.28,1,T-11,West,N
1008,V-0300,Ford,F-150,2023,2025-12-17,2025-12,27665,25k-50k,Brakes,173.4,1,T-10,Southwest,N
1009,V-0301,Toyota,Corolla,2019,2025-09-23,2025-09,58733,50k-75k,Brakes,335.86,1,T-04,West,N
1010,V-0301,Toyota,Corolla,2019,2025-09-30,2025-09,59202,50k-75k,Engine,2829.91,8,T-13,Midwest,N
1011,V-0301,Toyota,Corolla,2019,2025-12-20,2025-12,60876,50k-75k,HVAC,442.03,1,T-01,Southeast,N
1012,V-0302,Toyota,Corolla,2015,2025-11-07,2025-11,167010,150k+,HVAC,436.2,2,T-18,Southwest,N
1013,V-0303,Chevrolet,Equinox,2022,2025-03-31,2025-03,26644,25k-50k,Transmission,948.75,2,T-07,Southwest,Y
1014,V-0303,Chevrolet,Equinox,2022,2025-05-30,2025-05,27689,25k-50k,Transmission,1444.32,3,T-01,Midwest,N
1015,V-0303,Chevrolet,Equinox,2022,2025-08-08,2025-08,29460,25k-50k,Electrical,835.38,2,T-08,Southwest,Y
1016,V-0303,Chevrolet,Equinox,2022,2025-08-18,2025-08,29778,25k-50k,Suspension,762.3,1,T-07,West,Y
1017,V-0303,Chevrolet,Equinox,2022,2025-09-07,2025-09,29961,25k-50k,Suspension,795.5,2,T-19,Southeast,Y
1018,V-0303,Chevrolet,Equinox,2022,2025-09-25,2025-09,30993,25k-50k,Electrical,639.35,2,T-05,Northeast,Y
1019,V-0304,Toyota,Camry,2017,2025-04-30,2025-04,121955,100k-150k,Transmission,2075.84,3,T-10,Southwest,N
1020,V-0304,Toyota,Camry,2017,2025-07-13,2025-07,124685,100k-150k,Cooling System,309.76,1,T-01,West,N
1021,V-0304,Toyota,Camry,2017,2025-12-17,2025-12,130477,100k-150k,Electrical,257.99,2,T-12,Southwest,N
1022,V-0305,Chevrolet,Silverado,2015,2025-06-25,2025-06,175955,150k+,Brakes,291.73,1,T-20,Northeast,N
1023,V-0305,Chevrolet,Silverado,2015,2025-07-10,2025-07,176867,150k+,Suspension,914.15,3,T-14,Midwest,N
1024,V-0305,Chevrolet,Silverado,2015,2025-11-24,2025-11,182343,150k+,Brakes,175.19,1,T-08,Northeast,N
1025,V-0305,Chevrolet,Silverado,2015,2025-12-23,2025-12,183640,150k+,Suspension,512.94,2,T-11,Northeast,N
1026,V-0306,Honda,CR-V,2020,2025-01-18,2025-01,38442,25k-50k,Brakes,575.86,1,T-12,West,N
1027,V-0306,Honda,CR-V,2020,2025-05-14,2025-05,40698,25k-50k,Transmission,969.83,1,T-10,West,N
1028,V-0306,Honda,CR-V,2020,2025-11-10,2025-11,45274,25k-50k,Engine,1888.33,3,T-09,Northeast,N
1029,V-0307,Nissan,Altima,2017,2025-04-06,2025-04,88086,75k-100k,Brakes,469.7,1,T-09,Northeast,N
1030,V-0307,Nissan,Altima,2017,2025-05-16,2025-05,89559,75k-100k,Suspension,474.78,2,T-05,Northeast,N
1031,V-0308,Nissan,Rogue,2021,2025-02-24,2025-02,51947,50k-75k,Electrical,213.31,1,T-04,West,N
1032,V-0308,Nissan,Rogue,2021,2025-05-09,2025-05,54047,50k-75k,Electrical,447.42,1,T-19,Northeast,N
1033,V-0308,Nissan,Rogue,2021,2025-09-16,2025-09,59041,50k-75k,Suspension,621.39,1,T-04,Midwest,N
1034,V-0308,Nissan,Rogue,2021,2025-09-20,2025-09,58704,50k-75k,Electrical,587.05,1,T-05,Southeast,N
1035,V-0308,Nissan,Rogue,2021,2025-10-09,2025-10,59323,50k-75k,Engine,1087.42,3,T-03,Midwest,N
1036,V-0308,Nissan,Rogue,2021,2025-10-30,2025-10,59826,50k-75k,Cooling System,272.37,1,T-20,Northeast,N
1037,V-0308,Nissan,Rogue,2021,2025-12-06,2025-12,61302,50k-75k,Cooling System,168.02,2,T-08,West,N
1038,V-0309,Ford,F-150,2015,2025-02-01,2025-02,88988,75k-100k,Engine,2884.98,6,T-18,Midwest,N
1039,V-0309,Ford,F-150,2015,2025-03-06,2025-03,89692,75k-100k,Suspension,670.08,3,T-13,West,N
1040,V-0309,Ford,F-150,2015,2025-05-30,2025-05,92041,75k-100k,Engine,2416.81,8,T-07,Midwest,N
1041,V-0309,Ford,F-150,2015,2025-08-21,2025-08,94642,75k-100k,Cooling System,342.0,2,T-18,Southeast,N
1042,V-0309,Ford,F-150,2015,2025-11-13,2025-11,96703,75k-100k,Transmission,2788.19,5,T-02,Southeast,N
1043,V-0310,Toyota,RAV4,2018,2025-04-23,2025-04,93146,75k-100k,Engine,2413.29,4,T-01,Northeast,N
1044,V-0311,Chevrolet,Malibu,2022,2025-01-25,2025-01,31425,25k-50k,Suspension,411.28,1,T-19,Southeast,Y
1045,V-0311,Chevrolet,Malibu,2022,2025-03-10,2025-03,32984,25k-50k,Suspension,688.21,1,T-06,Southwest,N
1046,V-0311,Chevrolet,Malibu,2022,2025-04-16,2025-04,34150,25k-50k,Suspension,594.0,2,T-01,Southwest,N
1047,V-0311,Chevrolet,Malibu,2022,2025-04-26,2025-04,33990,25k-50k,Suspension,633.46,2,T-11,Midwest,N
1048,V-0311,Chevrolet,Malibu,2022,2025-04-28,2025-04,34520,25k-50k,Brakes,569.94,1,T-17,Northeast,Y
1049,V-0311,Chevrolet,Malibu,2022,2025-07-12,2025-07,36162,25k-50k,Electrical,683.48,1,T-04,Northeast,Y
1050,V-0311,Chevrolet,Malibu,2022,2025-08-20,2025-08,37562,25k-50k,Brakes,645.6,1,T-11,Northeast,Y
1051,V-0311,Chevrolet,Malibu,2022,2025-08-26,2025-08,37654,25k-50k,Suspension,549.88,1,T-03,Southwest,N
1052,V-0311,Chevrolet,Malibu,2022,2025-10-11,2025-10,39119,25k-50k,Suspension,134.03,1,T-11,Southeast,N
1053,V-0312,Toyota,RAV4,2015,2025-10-05,2025-10,134949,100k-150k,Engine,1905.48,3,T-02,Southwest,N
1054,V-0312,Toyota,RAV4,2015,2025-12-01,2025-12,136858,100k-150k,Engine,739.63,1,T-04,West,N
1055,V-0313,Chevrolet,Silverado,2018,2025-01-19,2025-01,67574,50k-75k,Transmission,2308.81,6,T-18,Southwest,N
1056,V-0313,Chevrolet,Silverado,2018,2025-02-16,2025-02,67935,50k-75k,Suspension,274.97,1,T-06,Northeast,N
1057,V-0313,Chevrolet,Silverado,2018,2025-06-07,2025-06,70724,50k-75k,Transmission,1391.3,3,T-17,Midwest,N
1058,V-0313,Chevrolet,Silverado,2018,2025-10-27,2025-10,74096,50k-75k,Transmission,1922.45,1,T-12,Midwest,N
1059,V-0314,Chevrolet,Malibu,2018,2025-01-10,2025-01,74211,50k-75k,Cooling System,687.12,2,T-19,Northeast,N
1060,V-0314,Chevrolet,Malibu,2018,2025-03-03,2025-03,75475,75k-100k,Electrical,231.5,2,T-06,West,N
1061,V-0314,Chevrolet,Malibu,2018,2025-08-24,2025-08,80667,75k-100k,Engine,2194.88,4,T-06,West,N
1062,V-0314,Chevrolet,Malibu,2018,2025-10-11,2025-10,81992,75k-100k,Engine,465.31,1,T-04,Southeast,N
1063,V-0314,Chevrolet,Malibu,2018,2025-11-13,2025-11,82448,75k-100k,Transmission,1759.56,4,T-11,Southwest,N
1064,V-0315,Chevrolet,Malibu,2020,2025-01-07,2025-01,53313,50k-75k,Engine,1182.44,4,T-20,Southwest,N
1065,V-0315,Chevrolet,Malibu,2020,2025-03-22,2025-03,56047,50k-75k,Engine,1143.44,2,T-20,Southwest,N
1066,V-0315,Chevrolet,Malibu,2020,2025-08-15,2025-08,60012,50k-75k,HVAC,172.36,1,T-04,Northeast,N
1067,V-0316,Toyota,Camry,2022,2025-09-20,2025-09,52080,50k-75k,Suspension,546.95,1,T-18,Northeast,Y
1068,V-0317,Ford,Explorer,2021,2025-02-03,2025-02,42307,25k-50k,Brakes,313.96,1,T-13,Northeast,N
1069,V-0317,Ford,Explorer,2021,2025-02-26,2025-02,43426,25k-50k,Cooling System,682.08,1,T-16,Southeast,N
1070,V-0317,Ford,Explorer,2021,2025-05-24,2025-05,45383,25k-50k,HVAC,151.84,2,T-09,Southwest,N
1071,V-0317,Ford,Explorer,2021,2025-10-13,2025-10,49634,25k-50k,Electrical,526.43,1,T-17,Midwest,N
1072,V-0317,Ford,Explorer,2021,2025-11-26,2025-11,51046,50k-75k,Suspension,717.87,1,T-01,Southwest,N
1073,V-0317,Ford,Explorer,2021,2025-12-17,2025-12,51293,50k-75k,Engine,2167.66,5,T-19,West,N
1074,V-0318,Chevrolet,Malibu,2017,2025-03-27,2025-03,72244,50k-75k,Engine,2200.68,7,T-16,Midwest,N
1075,V-0318,Chevrolet,Malibu,2017,2025-04-02,2025-04,72496,50k-75k,Suspension,779.4,1,T-03,West,N
1076,V-0318,Chevrolet,Malibu,2017,2025-05-16,2025-05,74257,50k-75k,Engine,1930.09,2,T-02,Midwest,N
1077,V-0318,Chevrolet,Malibu,2017,2025-06-04,2025-06,74328,50k-75k,Cooling System,316.52,1,T-07,West,N
1078,V-0318,Chevrolet,Malibu,2017,2025-07-01,2025-07,74670,50k-75k,Brakes,293.74,1,T-03,West,N
1079,V-0318,Chevrolet,Malibu,2017,2025-08-19,2025-08,76370,75k-100k,Cooling System,158.69,1,T-13,West,N
1080,V-0318,Chevrolet,Malibu,2017,2025-12-11,2025-12,79229,75k-100k,Engine,2796.57,7,T-16,Midwest,N
1081,V-0319,Toyota,RAV4,2015,2025-06-22,2025-06,160011,150k+,Engine,1110.63,2,T-09,Southwest,N
1082,V-0319,Toyota,RAV4,2015,2025-08-09,2025-08,162214,150k+,Engine,1286.03,2,T-13,West,N
1083,V-0319,Toyota,RAV4,2015,2025-11-13,2025-11,165563,150k+,HVAC,245.47,2,T-17,Southeast,N
1084,V-0320,Honda,Accord,2017,2025-04-08,2025-04,94742,75k-100k,Cooling System,391.57,1,T-16,Midwest,N
1085,V-0320,Honda,Accord,2017,2025-04-11,2025-04,94933,75k-100k,Cooling System,284.23,1,T-20,West,N
